run_id,fault_type,scenario,data_source,t_rel,req_count,err_rate,p50_ms,p95_ms,max_ms,active_pods,p50_ratio,tail_ratio
run_20260725_202915_node,node_failure,4,measured,-62.7,10,0.0,137.3,186.7,186.7,3,1.191,1.36
run_20260725_202915_node,node_failure,4,measured,-61.7,42,0.0,280.3,677.6,741.0,3,2.431,2.417
run_20260725_202915_node,node_failure,4,measured,-60.7,42,0.0,144.7,495.4,531.4,3,1.255,3.424
run_20260725_202915_node,node_failure,4,measured,-59.7,42,0.0,190.1,265.9,316.9,3,1.649,1.399
run_20260725_202915_node,node_failure,4,measured,-58.7,42,0.0,143.0,246.4,288.5,3,1.24,1.723
run_20260725_202915_node,node_failure,4,measured,-57.7,42,0.0,138.8,264.2,340.6,3,1.204,1.903
run_20260725_202915_node,node_failure,4,measured,-56.7,42,0.0,139.4,285.7,306.8,3,1.209,2.049
run_20260725_202915_node,node_failure,4,measured,-55.7,42,0.0,109.8,170.3,192.2,3,0.952,1.551
run_20260725_202915_node,node_failure,4,measured,-54.7,42,0.0,113.5,251.3,270.4,3,0.984,2.214
run_20260725_202915_node,node_failure,4,measured,-53.7,42,0.0,138.9,216.7,222.1,3,1.205,1.56
run_20260725_202915_node,node_failure,4,measured,-52.7,42,0.0,153.9,294.1,328.4,3,1.335,1.911
run_20260725_202915_node,node_failure,4,measured,-51.7,42,0.0238,145.8,270.1,303.9,3,1.265,1.853
run_20260725_202915_node,node_failure,4,measured,-50.7,42,0.0,115.1,201.6,292.7,3,0.998,1.752
run_20260725_202915_node,node_failure,4,measured,-49.7,42,0.0,108.8,193.2,216.4,3,0.944,1.776
run_20260725_202915_node,node_failure,4,measured,-48.7,42,0.0,111.7,245.6,294.5,3,0.969,2.199
run_20260725_202915_node,node_failure,4,measured,-47.7,42,0.0,113.4,195.8,225.2,3,0.984,1.727
run_20260725_202915_node,node_failure,4,measured,-46.7,42,0.0,110.3,171.3,180.2,3,0.957,1.553
run_20260725_202915_node,node_failure,4,measured,-45.7,42,0.0,110.0,168.3,177.9,3,0.954,1.53
run_20260725_202915_node,node_failure,4,measured,-44.7,42,0.0,112.2,189.8,242.4,3,0.973,1.692
run_20260725_202915_node,node_failure,4,measured,-43.7,42,0.0,121.0,219.6,230.7,3,1.049,1.815
run_20260725_202915_node,node_failure,4,measured,-42.7,42,0.0,110.8,190.2,197.2,3,0.961,1.717
run_20260725_202915_node,node_failure,4,measured,-41.7,42,0.0,114.5,195.6,233.1,3,0.993,1.708
run_20260725_202915_node,node_failure,4,measured,-40.7,42,0.0,111.8,278.2,292.8,3,0.97,2.488
run_20260725_202915_node,node_failure,4,measured,-39.7,42,0.0,112.0,168.8,188.3,3,0.971,1.507
run_20260725_202915_node,node_failure,4,measured,-38.7,42,0.0,112.1,194.2,236.8,3,0.972,1.732
run_20260725_202915_node,node_failure,4,measured,-37.7,42,0.0,112.5,171.5,193.0,3,0.976,1.524
run_20260725_202915_node,node_failure,4,measured,-36.7,42,0.0,114.1,195.2,217.5,3,0.99,1.711
run_20260725_202915_node,node_failure,4,measured,-35.7,42,0.0,112.7,190.8,196.6,3,0.977,1.693
run_20260725_202915_node,node_failure,4,measured,-34.7,42,0.0,114.2,204.5,235.6,3,0.99,1.791
run_20260725_202915_node,node_failure,4,measured,-33.7,42,0.0,114.6,286.8,302.6,3,0.994,2.503
run_20260725_202915_node,node_failure,4,measured,-32.7,42,0.0,116.2,197.0,207.2,3,1.008,1.695
run_20260725_202915_node,node_failure,4,measured,-31.7,42,0.0,115.3,189.4,256.4,3,1.0,1.643
run_20260725_202915_node,node_failure,4,measured,-30.7,42,0.0,109.2,202.7,215.4,3,0.947,1.856
run_20260725_202915_node,node_failure,4,measured,-29.7,42,0.0,136.8,222.9,230.8,3,1.186,1.629
run_20260725_202915_node,node_failure,4,measured,-28.7,42,0.0,138.2,205.3,257.6,3,1.199,1.486
run_20260725_202915_node,node_failure,4,measured,-27.7,42,0.0,109.3,157.7,196.9,3,0.948,1.443
run_20260725_202915_node,node_failure,4,measured,-26.7,42,0.0,319.3,1539.8,1573.3,3,2.769,4.822
run_20260725_202915_node,node_failure,4,measured,-25.7,42,0.0,991.4,1755.9,1789.2,3,8.598,1.771
run_20260725_202915_node,node_failure,4,measured,-24.7,42,0.0714,1306.9,1766.4,2511.1,3,11.335,1.352
run_20260725_202915_node,node_failure,4,measured,-23.7,42,0.0952,1053.8,1348.5,1379.9,3,9.14,1.28
run_20260725_202915_node,node_failure,4,measured,-22.7,42,0.0952,934.6,1074.4,1893.8,3,8.106,1.15
run_20260725_202915_node,node_failure,4,measured,-21.7,42,0.0,603.8,964.5,984.0,3,5.237,1.597
run_20260725_202915_node,node_failure,4,measured,-20.7,42,0.0238,379.2,502.9,558.8,3,3.289,1.326
run_20260725_202915_node,node_failure,4,measured,-19.7,42,0.0238,155.3,338.2,381.1,3,1.347,2.178
run_20260725_202915_node,node_failure,4,measured,-18.7,42,0.0,340.7,902.5,1704.3,3,2.955,2.649
run_20260725_202915_node,node_failure,4,measured,-17.7,42,0.0,447.8,778.7,820.0,3,3.884,1.739
run_20260725_202915_node,node_failure,4,measured,-16.7,42,0.0,234.3,385.9,456.5,3,2.032,1.647
run_20260725_202915_node,node_failure,4,measured,-15.7,42,0.0,131.2,248.2,304.9,3,1.138,1.892
run_20260725_202915_node,node_failure,4,measured,-14.7,42,0.0,111.4,197.1,205.5,3,0.966,1.769
run_20260725_202915_node,node_failure,4,measured,-13.7,42,0.0,111.1,172.4,212.3,3,0.964,1.552
run_20260725_202915_node,node_failure,4,measured,-12.7,42,0.0,109.3,165.0,168.8,3,0.948,1.51
run_20260725_202915_node,node_failure,4,measured,-11.7,42,0.0,109.6,200.9,233.6,3,0.951,1.833
run_20260725_202915_node,node_failure,4,measured,-10.7,42,0.0,112.8,192.1,201.3,3,0.978,1.703
run_20260725_202915_node,node_failure,4,measured,-9.7,42,0.0,122.7,221.9,253.8,3,1.064,1.808
run_20260725_202915_node,node_failure,4,measured,-8.7,42,0.0,112.2,172.0,236.4,3,0.973,1.533
run_20260725_202915_node,node_failure,4,measured,-7.7,42,0.0,134.6,308.4,341.9,3,1.167,2.291
run_20260725_202915_node,node_failure,4,measured,-6.7,42,0.0,118.4,244.0,271.2,3,1.027,2.061
run_20260725_202915_node,node_failure,4,measured,-5.7,42,0.0,114.5,188.1,202.4,3,0.993,1.643
run_20260725_202915_node,node_failure,4,measured,-4.7,42,0.0,119.7,215.6,264.5,3,1.038,1.801
run_20260725_202915_node,node_failure,4,measured,-3.7,42,0.0,142.8,279.7,308.7,3,1.239,1.959
run_20260725_202915_node,node_failure,4,measured,-2.7,42,0.0,114.5,222.0,227.7,3,0.993,1.939
run_20260725_202915_node,node_failure,4,measured,-1.7,42,0.0,110.7,161.5,165.5,3,0.96,1.459
run_20260725_202915_node,node_failure,4,measured,-0.7,42,0.0,107.4,140.1,171.2,3,0.931,1.304
run_20260725_202915_node,node_failure,4,measured,0.3,42,0.119,113.1,172.5,222.4,3,0.981,1.525
run_20260725_202915_node,node_failure,4,measured,1.3,42,0.4286,107.4,5011.5,5013.3,2,0.931,46.662
run_20260725_202915_node,node_failure,4,measured,2.3,42,0.3095,123.7,5012.4,5018.1,2,1.073,40.521
run_20260725_202915_node,node_failure,4,measured,3.3,42,0.3571,157.2,5014.7,5022.8,2,1.363,31.9
run_20260725_202915_node,node_failure,4,measured,4.3,42,0.4048,137.9,5012.3,5020.3,2,1.196,36.347
run_20260725_202915_node,node_failure,4,measured,5.3,42,0.3571,132.5,5013.9,5018.5,2,1.149,37.841
run_20260725_202915_node,node_failure,4,measured,6.3,42,0.3333,159.2,5017.7,5019.8,2,1.381,31.518
run_20260725_202915_node,node_failure,4,measured,7.3,42,0.1667,165.0,5011.8,5012.8,2,1.431,30.375
run_20260725_202915_node,node_failure,4,measured,8.3,42,0.3571,201.3,5016.4,5022.5,2,1.746,24.92
run_20260725_202915_node,node_failure,4,measured,9.3,42,0.381,116.9,5015.9,5023.9,2,1.014,42.908
run_20260725_202915_node,node_failure,4,measured,10.3,42,0.3095,112.4,5012.3,5016.0,2,0.975,44.593
run_20260725_202915_node,node_failure,4,measured,11.3,42,0.3571,139.7,5016.3,5021.2,2,1.212,35.908
run_20260725_202915_node,node_failure,4,measured,12.3,42,0.2619,173.7,5016.7,5022.3,2,1.507,28.881
run_20260725_202915_node,node_failure,4,measured,13.3,42,0.2619,199.2,5015.2,5017.6,2,1.728,25.177
run_20260725_202915_node,node_failure,4,measured,14.3,42,0.3571,128.3,5016.1,5018.5,2,1.113,39.097
run_20260725_202915_node,node_failure,4,measured,15.3,42,0.2619,310.7,5014.7,5016.5,2,2.695,16.14
run_20260725_202915_node,node_failure,4,measured,16.3,42,0.3333,226.6,5020.6,5030.5,2,1.965,22.156
run_20260725_202915_node,node_failure,4,measured,17.3,42,0.2619,160.2,5014.7,5016.9,2,1.389,31.303
run_20260725_202915_node,node_failure,4,measured,18.3,42,0.3333,166.6,5014.4,5016.6,2,1.445,30.098
run_20260725_202915_node,node_failure,4,measured,19.3,42,0.2381,141.8,5015.5,5016.1,2,1.23,35.37
run_20260725_202915_node,node_failure,4,measured,20.3,42,0.2857,152.8,5017.4,5019.8,2,1.325,32.836
run_20260725_202915_node,node_failure,4,measured,21.3,42,0.3333,209.4,5159.1,5329.2,2,1.816,24.638
run_20260725_202915_node,node_failure,4,measured,22.3,42,0.4524,136.9,5041.3,5089.9,2,1.187,36.825
run_20260725_202915_node,node_failure,4,measured,23.3,42,0.4286,160.8,5018.4,5020.5,2,1.395,31.209
run_20260725_202915_node,node_failure,4,measured,24.3,42,0.2857,144.5,5014.1,5015.3,2,1.253,34.7
run_20260725_202915_node,node_failure,4,measured,25.3,42,0.2381,166.3,5017.0,5031.2,2,1.442,30.168
run_20260725_202915_node,node_failure,4,measured,26.3,42,0.2619,275.1,5016.1,5023.0,2,2.386,18.234
run_20260725_202915_node,node_failure,4,measured,27.3,42,0.3571,487.1,5030.2,5054.0,2,4.225,10.327
run_20260725_202915_node,node_failure,4,measured,28.3,42,0.2381,260.9,5012.9,5031.4,2,2.263,19.214
run_20260725_202915_node,node_failure,4,measured,29.3,42,0.3333,200.1,5012.6,5014.1,2,1.735,25.05
run_20260725_202915_node,node_failure,4,measured,30.3,42,0.3095,163.5,5013.7,5016.5,2,1.418,30.665
run_20260725_202915_node,node_failure,4,measured,31.3,42,0.3095,196.6,5017.6,5019.7,2,1.705,25.522
run_20260725_202915_node,node_failure,4,measured,32.3,42,0.3333,161.3,5016.1,5020.9,2,1.399,31.098
run_20260725_202915_node,node_failure,4,measured,33.3,42,0.3333,229.0,5016.2,5035.3,2,1.986,21.905
run_20260725_202915_node,node_failure,4,measured,34.3,42,0.3333,148.3,5014.6,5015.3,2,1.286,33.814
run_20260725_202915_node,node_failure,4,measured,35.3,42,0.3571,194.4,5017.5,5018.1,2,1.686,25.81
run_20260725_202915_node,node_failure,4,measured,36.3,42,0.3333,123.8,5015.4,5019.4,2,1.074,40.512
run_20260725_202915_node,node_failure,4,measured,37.3,42,0.381,149.5,5015.9,5031.1,2,1.297,33.551
run_20260725_202915_node,node_failure,4,measured,38.3,42,0.4286,161.7,5017.5,5028.2,2,1.402,31.03
run_20260725_202915_node,node_failure,4,measured,39.3,42,0.3571,139.9,5014.4,5019.4,2,1.213,35.843
run_20260725_202915_node,node_failure,4,measured,40.3,42,0.1667,168.9,5015.2,5019.6,2,1.465,29.693
run_20260725_202915_node,node_failure,4,measured,41.3,42,0.3333,207.7,5017.4,5021.4,2,1.801,24.157
run_20260725_202915_node,node_failure,4,measured,42.3,42,0.3333,163.5,5016.2,5020.6,2,1.418,30.68
run_20260725_202915_node,node_failure,4,measured,43.3,42,0.3095,140.7,5017.8,5021.0,2,1.22,35.663
run_20260725_202915_node,node_failure,4,measured,44.3,42,0.0,234.0,299.5,350.5,2,2.029,1.28
run_20260725_202915_node,node_failure,4,measured,45.3,42,0.0952,298.5,5013.9,5031.6,2,2.589,16.797
run_20260725_202915_node,node_failure,4,measured,46.3,42,0.0714,392.1,4554.0,4957.1,2,3.401,11.614
run_20260725_202915_node,node_failure,4,measured,47.3,42,0.0,606.7,958.3,1473.3,2,5.262,1.58
run_20260725_202915_node,node_failure,4,measured,48.3,42,0.0,943.0,1090.7,1118.2,2,8.179,1.157
run_20260725_202915_node,node_failure,4,measured,49.3,42,0.0,1081.1,1213.8,2150.8,2,9.376,1.123
run_20260725_202915_node,node_failure,4,measured,50.3,42,0.0,348.6,1256.1,1272.0,2,3.023,3.603
run_20260725_202915_node,node_failure,4,measured,51.3,42,0.0,406.3,1343.6,1353.5,2,3.524,3.307
run_20260725_202915_node,node_failure,4,measured,52.3,42,0.0,626.3,1232.9,2020.4,2,5.432,1.969
run_20260725_202915_node,node_failure,4,measured,53.3,42,0.0238,847.8,1152.1,3072.8,2,7.353,1.359
run_20260725_202915_node,node_failure,4,measured,54.3,42,0.0238,1072.0,1189.1,2972.6,2,9.297,1.109
run_20260725_202915_node,node_failure,4,measured,55.3,42,0.0714,971.5,1887.7,5020.1,2,8.426,1.943
run_20260725_202915_node,node_failure,4,measured,56.3,42,0.0238,1016.0,1089.1,5017.2,2,8.812,1.072
run_20260725_202915_node,node_failure,4,measured,57.3,42,0.1429,1042.0,5011.3,5012.4,2,9.037,4.809
run_20260725_202915_node,node_failure,4,measured,58.3,42,0.0476,1059.3,1160.9,5011.5,2,9.187,1.096
run_20260725_202915_node,node_failure,4,measured,59.3,42,0.119,967.4,5011.2,5016.5,2,8.39,5.18
run_20260725_202915_node,node_failure,4,measured,60.3,42,0.0714,892.5,3023.0,5018.6,2,7.741,3.387
run_20260725_202915_node,node_failure,4,measured,61.3,42,0.0952,887.7,5011.2,5045.4,2,7.699,5.645
run_20260725_202915_node,node_failure,4,measured,62.3,42,0.119,870.8,5011.6,5018.7,2,7.552,5.755
run_20260725_202915_node,node_failure,4,measured,63.3,42,0.0476,969.9,1112.8,5015.0,2,8.412,1.147
run_20260725_202915_node,node_failure,4,measured,64.3,42,0.0,1093.4,1383.5,2207.5,2,9.483,1.265
run_20260725_202915_node,node_failure,4,measured,65.3,42,0.0,705.0,1313.5,1332.0,2,6.114,1.863
run_20260725_202915_node,node_failure,4,measured,66.3,42,0.0,749.2,1311.7,1337.2,2,6.498,1.751
run_20260725_202915_node,node_failure,4,measured,67.3,42,0.0,1477.9,1764.7,2960.2,2,12.818,1.194
run_20260725_202915_node,node_failure,4,measured,68.3,42,0.0,1587.2,1858.5,1866.7,2,13.766,1.171
run_20260725_202915_node,node_failure,4,measured,69.3,42,0.0,590.3,1905.5,1908.4,2,5.12,3.228
run_20260725_202915_node,node_failure,4,measured,70.3,42,0.0,787.5,1909.5,3479.5,2,6.83,2.425
run_20260725_202915_node,node_failure,4,measured,71.3,42,0.0,949.0,1921.7,1967.5,2,8.231,2.025
run_20260725_202915_node,node_failure,4,measured,72.3,42,0.0,1898.3,2131.1,2145.3,2,16.464,1.123
run_20260725_202915_node,node_failure,4,measured,73.3,42,0.0714,988.4,2535.4,3080.9,3,8.572,2.565
run_20260725_202915_node,node_failure,4,measured,74.3,42,0.0238,542.8,2038.7,2414.6,3,4.708,3.756
run_20260725_202915_node,node_failure,4,measured,75.3,42,0.0,163.3,1755.7,1756.9,3,1.416,10.751
run_20260725_202915_node,node_failure,4,measured,76.3,42,0.0,172.2,1495.0,1506.9,3,1.493,8.682
run_20260725_202915_node,node_failure,4,measured,77.3,42,0.0,156.2,982.2,1069.4,3,1.355,6.288
run_20260725_202915_node,node_failure,4,measured,78.3,42,0.0,113.4,933.7,949.5,3,0.984,8.234
run_20260725_202915_node,node_failure,4,measured,79.3,42,0.0,197.4,536.4,566.4,3,1.712,2.717
run_20260725_202915_node,node_failure,4,measured,80.3,42,0.0,124.6,246.5,278.6,3,1.081,1.978
run_20260725_202915_node,node_failure,4,measured,81.3,42,0.0,117.4,220.1,242.3,3,1.018,1.875
run_20260725_202915_node,node_failure,4,measured,82.3,42,0.0,110.8,182.9,204.5,3,0.961,1.651
run_20260725_202915_node,node_failure,4,measured,83.3,42,0.0238,113.2,193.4,3070.3,3,0.982,1.708
run_20260725_202915_node,node_failure,4,measured,84.3,42,0.1429,110.8,2378.7,5019.2,3,0.961,21.468
run_20260725_202915_node,node_failure,4,measured,85.3,42,0.1429,112.4,5013.3,5029.2,3,0.975,44.602
run_20260725_202915_node,node_failure,4,measured,86.3,42,0.0238,111.0,162.9,5016.1,3,0.963,1.468
run_20260725_202915_node,node_failure,4,measured,87.3,42,0.0238,110.9,179.2,202.2,3,0.962,1.616
run_20260725_202915_node,node_failure,4,measured,88.3,42,0.0238,142.8,219.6,235.5,3,1.239,1.538
run_20260725_202915_node,node_failure,4,measured,89.3,42,0.0,114.8,193.9,249.9,3,0.996,1.689
run_20260725_202915_node,node_failure,4,measured,90.3,42,0.0,116.4,187.8,225.7,3,1.01,1.613
run_20260725_202915_node,node_failure,4,measured,91.3,42,0.0,119.2,224.8,254.7,3,1.034,1.886
run_20260725_202915_node,node_failure,4,measured,92.3,42,0.0,116.8,212.5,270.0,3,1.013,1.819
run_20260725_202915_node,node_failure,4,measured,93.3,42,0.0,154.2,230.6,252.7,3,1.337,1.495
run_20260725_202915_node,node_failure,4,measured,94.3,42,0.0,116.6,181.3,188.1,3,1.011,1.555
run_20260725_202915_node,node_failure,4,measured,95.3,42,0.0,234.2,755.8,942.0,3,2.031,3.227
run_20260725_202915_node,node_failure,4,measured,96.3,42,0.0476,426.3,611.2,672.8,3,3.697,1.434
run_20260725_202915_node,node_failure,4,measured,97.3,42,0.0238,167.5,422.2,487.2,3,1.453,2.521
run_20260725_202915_node,node_failure,4,measured,98.3,42,0.0238,137.0,210.9,278.3,3,1.188,1.539
run_20260725_202915_node,node_failure,4,measured,99.3,42,0.0238,156.9,264.4,295.0,3,1.361,1.685
run_20260725_202915_node,node_failure,4,measured,100.3,42,0.0476,118.9,467.7,3126.9,3,1.031,3.934
run_20260725_202915_node,node_failure,4,measured,101.3,42,0.0952,112.2,2451.8,2748.3,3,0.973,21.852
run_20260725_202915_node,node_failure,4,measured,102.3,42,0.0952,115.2,5012.5,5012.5,3,0.999,43.511
run_20260725_202915_node,node_failure,4,measured,103.3,42,0.0,122.4,190.9,210.3,3,1.062,1.56
run_20260725_202915_node,node_failure,4,measured,104.3,42,0.0,121.4,179.4,210.3,3,1.053,1.478
run_20260725_202915_node,node_failure,4,measured,105.3,42,0.0,118.6,186.4,192.1,3,1.029,1.572
run_20260725_202915_node,node_failure,4,measured,106.3,42,0.0,132.6,229.7,255.8,3,1.15,1.732
run_20260725_202915_node,node_failure,4,measured,107.3,42,0.0,110.6,205.9,211.4,3,0.959,1.862
run_20260725_202915_node,node_failure,4,measured,108.3,42,0.0,110.5,194.1,225.9,3,0.958,1.757
run_20260725_202915_node,node_failure,4,measured,109.3,42,0.0,113.6,218.0,238.2,3,0.985,1.919
run_20260725_202915_node,node_failure,4,measured,110.3,42,0.0,116.0,222.4,255.5,3,1.006,1.917
run_20260725_202915_node,node_failure,4,measured,111.3,41,0.0,114.9,167.1,223.9,3,0.997,1.454
run_20260725_202915_node,node_failure,4,measured,112.3,43,0.0,109.8,160.0,168.9,3,0.952,1.457
run_20260725_202915_node,node_failure,4,measured,113.3,42,0.119,118.2,2676.7,3078.1,3,1.025,22.646
run_20260725_202915_node,node_failure,4,measured,114.3,42,0.1667,122.2,5013.2,5034.4,3,1.06,41.025
run_20260725_202915_node,node_failure,4,measured,115.3,42,0.0714,109.8,5009.5,5014.8,3,0.952,45.624
run_20260725_202915_node,node_failure,4,measured,116.3,42,0.1429,111.2,5012.9,5017.5,3,0.964,45.08
run_20260725_202915_node,node_failure,4,measured,117.3,42,0.0238,135.0,250.3,5012.9,3,1.171,1.854
run_20260725_202915_node,node_failure,4,measured,118.3,42,0.0238,110.2,167.9,5014.3,3,0.956,1.524
run_20260725_202915_node,node_failure,4,measured,119.3,42,0.0,116.9,170.3,205.5,3,1.014,1.457
run_20260725_202915_node,node_failure,4,measured,120.3,42,0.0,109.9,197.6,201.6,3,0.953,1.798
run_20260725_202915_node,node_failure,4,measured,121.3,42,0.1429,109.9,5009.6,5019.5,3,0.953,45.583
run_20260725_202915_node,node_failure,4,measured,122.3,42,0.0714,124.8,3071.0,5016.1,3,1.082,24.607
run_20260725_202915_node,node_failure,4,measured,123.3,42,0.0,109.9,177.9,208.6,3,0.953,1.619
run_20260725_202915_node,node_failure,4,measured,124.3,42,0.0,132.3,246.0,265.2,3,1.147,1.859
run_20260725_202915_node,node_failure,4,measured,125.3,42,0.0,119.8,300.8,319.7,3,1.039,2.511
run_20260725_202915_node,node_failure,4,measured,126.3,42,0.0714,175.7,5012.1,5016.1,3,1.524,28.526
run_20260725_202915_node,node_failure,4,measured,127.3,42,0.1429,128.3,5013.6,5018.7,3,1.113,39.077
run_20260725_202915_node,node_failure,4,measured,128.3,42,0.0476,114.7,188.1,5011.5,3,0.995,1.64
run_20260725_202915_node,node_failure,4,measured,129.3,42,0.0476,114.5,252.8,5013.6,3,0.993,2.208
run_20260725_202915_node,node_failure,4,measured,130.3,42,0.0238,111.6,223.0,4483.2,3,0.968,1.998
run_20260725_202915_node,node_failure,4,measured,131.3,42,0.0714,122.1,3748.2,3894.1,3,1.059,30.698
run_20260725_202915_node,node_failure,4,measured,132.3,42,0.0,110.7,266.7,297.0,3,0.96,2.409
run_20260725_202915_node,node_failure,4,measured,133.3,42,0.0714,127.0,4717.6,5017.3,3,1.101,37.146
run_20260725_202915_node,node_failure,4,measured,134.3,42,0.0238,111.9,199.4,5008.2,3,0.971,1.782
run_20260725_202915_node,node_failure,4,measured,135.3,42,0.0,126.1,291.4,319.9,3,1.094,2.311
run_20260725_202915_node,node_failure,4,measured,136.3,42,0.0,116.0,201.9,273.6,3,1.006,1.741
run_20260725_202915_node,node_failure,4,measured,137.3,42,0.0,115.6,307.9,327.7,3,1.003,2.663
run_20260725_202915_node,node_failure,4,measured,138.3,42,0.0,116.1,195.7,211.1,3,1.007,1.686
run_20260725_202915_node,node_failure,4,measured,139.3,42,0.0,109.9,201.4,217.6,3,0.953,1.833
run_20260725_202915_node,node_failure,4,measured,140.3,42,0.0,109.4,159.4,167.9,3,0.949,1.457
run_20260725_202915_node,node_failure,4,measured,141.3,42,0.0238,138.9,277.1,399.5,3,1.205,1.995
run_20260725_202915_node,node_failure,4,measured,142.3,42,0.0,117.6,189.0,262.9,3,1.02,1.607
run_20260725_202915_node,node_failure,4,measured,143.3,42,0.0,114.2,208.7,255.4,3,0.99,1.827
run_20260725_202915_node,node_failure,4,measured,144.3,42,0.0,122.0,283.2,294.2,3,1.058,2.321
run_20260725_202915_node,node_failure,4,measured,145.3,42,0.0,112.2,179.2,214.5,3,0.973,1.597
run_20260725_202915_node,node_failure,4,measured,146.3,42,0.0,114.4,196.2,222.6,3,0.992,1.715
run_20260725_202915_node,node_failure,4,measured,147.3,42,0.0,161.0,280.4,290.7,3,1.396,1.742
run_20260725_202915_node,node_failure,4,measured,148.3,42,0.0,116.5,216.1,222.1,3,1.01,1.855
run_20260725_202915_node,node_failure,4,measured,149.3,42,0.0,113.0,246.0,282.1,3,0.98,2.177
run_20260725_202915_node,node_failure,4,measured,150.3,42,0.0,117.4,246.4,255.3,3,1.018,2.099
run_20260725_202915_node,node_failure,4,measured,151.3,42,0.0,117.9,245.9,2234.2,3,1.023,2.086
run_20260725_202915_node,node_failure,4,measured,152.3,42,0.0,111.3,2200.1,2334.5,3,0.965,19.767
run_20260725_202915_node,node_failure,4,measured,153.3,42,0.0,131.8,207.0,220.4,3,1.143,1.571
run_20260725_202915_node,node_failure,4,measured,154.3,42,0.0,144.5,247.6,271.2,3,1.253,1.713
run_20260725_202915_node,node_failure,4,measured,155.3,42,0.0238,121.0,293.6,322.2,3,1.049,2.426
run_20260725_202915_node,node_failure,4,measured,156.3,42,0.0,126.1,206.6,229.6,3,1.094,1.638
run_20260725_202915_node,node_failure,4,measured,157.3,42,0.0,110.9,183.8,196.5,3,0.962,1.657
run_20260725_202915_node,node_failure,4,measured,158.3,42,0.0,114.1,174.4,194.3,3,0.99,1.528
run_20260725_202915_node,node_failure,4,measured,159.3,42,0.0,122.6,189.9,201.1,3,1.063,1.549
run_20260725_202915_node,node_failure,4,measured,160.3,42,0.0,110.3,172.4,191.1,3,0.957,1.563
run_20260725_202915_node,node_failure,4,measured,161.3,42,0.0,158.7,232.9,252.4,3,1.376,1.468
run_20260725_202915_node,node_failure,4,measured,162.3,42,0.0,126.5,196.9,238.1,3,1.097,1.557
run_20260725_202915_node,node_failure,4,measured,163.3,42,0.0,130.2,283.2,293.6,3,1.129,2.175
run_20260725_202915_node,node_failure,4,measured,164.3,42,0.0,112.0,213.5,270.7,3,0.971,1.906
run_20260725_202915_node,node_failure,4,measured,165.3,42,0.0,118.9,222.7,230.4,3,1.031,1.873
run_20260725_202915_node,node_failure,4,measured,166.3,42,0.0,115.6,209.4,238.4,3,1.003,1.811
run_20260725_202915_node,node_failure,4,measured,167.3,42,0.0,114.0,208.1,245.3,3,0.989,1.825
run_20260725_202915_node,node_failure,4,measured,168.3,42,0.0,133.8,228.8,233.3,3,1.16,1.71
run_20260725_202915_node,node_failure,4,measured,169.3,42,0.0,118.9,192.8,265.1,3,1.031,1.622
run_20260725_202915_node,node_failure,4,measured,170.3,42,0.0,110.2,167.4,204.5,3,0.956,1.519
run_20260725_202915_node,node_failure,4,measured,171.3,42,0.0,115.8,195.8,200.9,3,1.004,1.691
run_20260725_202915_node,node_failure,4,measured,172.3,42,0.0238,122.4,190.7,218.8,3,1.062,1.558
run_20260725_202915_node,node_failure,4,measured,173.3,42,0.0,119.4,168.4,220.7,3,1.036,1.41
run_20260725_202915_node,node_failure,4,measured,174.3,42,0.0,119.3,170.9,203.3,3,1.035,1.433
run_20260725_202915_node,node_failure,4,measured,175.3,42,0.0,121.4,232.4,236.6,3,1.053,1.914
run_20260725_202915_node,node_failure,4,measured,176.3,42,0.0,109.2,164.7,180.2,3,0.947,1.508
run_20260725_202915_node,node_failure,4,measured,177.3,42,0.0,136.9,202.4,232.4,3,1.187,1.478
run_20260725_202915_node,node_failure,4,measured,178.3,42,0.0,117.4,231.1,248.9,3,1.018,1.968
run_20260725_202915_node,node_failure,4,measured,179.3,42,0.0,142.5,279.2,321.2,3,1.236,1.959
run_20260725_202915_node,node_failure,4,measured,180.3,42,0.0,129.0,303.5,327.0,3,1.119,2.353
run_20260725_202915_node,node_failure,4,measured,181.3,42,0.0,155.9,269.4,286.8,3,1.352,1.728
run_20260725_202915_node,node_failure,4,measured,182.3,42,0.0238,213.2,408.1,409.5,3,1.849,1.914
run_20260725_202915_node,node_failure,4,measured,183.3,42,0.0,133.9,246.5,288.2,3,1.161,1.841
run_20260725_202915_node,node_failure,4,measured,184.3,42,0.0,125.5,214.0,248.6,3,1.088,1.705
run_20260725_202915_node,node_failure,4,measured,185.3,42,0.0,209.8,358.1,376.4,3,1.82,1.707
run_20260725_202915_node,node_failure,4,measured,186.3,42,0.0,137.5,571.5,754.5,3,1.193,4.156
run_20260725_202915_node,node_failure,4,measured,187.3,42,0.0,128.4,349.6,459.1,3,1.114,2.723
run_20260725_202915_node,node_failure,4,measured,188.3,42,0.0,110.8,161.6,172.5,3,0.961,1.458
run_20260725_202915_node,node_failure,4,measured,189.3,42,0.0714,111.5,197.5,225.9,3,0.967,1.771
run_20260725_202915_node,node_failure,4,measured,190.3,42,0.0,122.2,201.5,219.0,3,1.06,1.649
run_20260725_202915_node,node_failure,4,measured,191.3,42,0.0,113.6,195.0,229.2,3,0.985,1.717
run_20260725_202915_node,node_failure,4,measured,192.3,13,0.0,184.5,9104.8,9118.1,3,1.6,49.349
run_20260725_202915_node,node_failure,4,measured,199.3,116,0.4655,8171.3,10116.3,10390.5,3,70.87,1.238
run_20260725_202915_node,node_failure,4,measured,200.3,73,0.3288,7036.8,9935.9,10219.5,3,61.03,1.412
run_20260725_202915_node,node_failure,4,measured,201.3,17,0.4706,6897.8,10004.3,10006.7,3,59.825,1.45
run_20260725_202915_node,node_failure,4,measured,202.3,13,0.5385,5689.0,10001.7,10008.4,3,49.341,1.758
run_20260725_202915_node,node_failure,4,measured,203.3,9,0.3333,4777.2,7328.3,7328.3,2,41.433,1.534
run_20260725_202915_node,node_failure,4,measured,204.3,14,0.2857,4661.6,8444.5,8874.0,3,40.43,1.812
run_20260725_202915_node,node_failure,4,measured,205.3,16,0.5,5101.1,7759.0,7807.4,2,44.242,1.521
run_20260725_202915_node,node_failure,4,measured,206.3,10,0.5,3469.3,6876.0,6876.0,2,30.089,1.982
run_20260725_202915_node,node_failure,4,measured,207.3,111,0.5676,4375.0,8954.3,9101.2,3,37.944,2.047
run_20260725_202915_node,node_failure,4,measured,208.3,62,0.6129,4243.1,8501.8,8808.5,2,36.801,2.004
run_20260725_202915_node,node_failure,4,measured,209.3,52,0.2308,4386.3,6754.0,8169.6,2,38.042,1.54
run_20260725_202915_node,node_failure,4,measured,210.3,32,0.3125,4403.7,6377.2,7770.8,2,38.193,1.448
run_20260725_202915_node,node_failure,4,measured,211.3,45,0.2,4271.8,4558.8,4574.1,2,37.049,1.067
run_20260725_202915_node,node_failure,4,measured,212.3,47,0.2766,4315.5,6180.5,6291.8,3,37.428,1.432
run_20260725_202915_node,node_failure,4,measured,213.3,38,0.2895,3639.1,5980.4,6035.7,3,31.562,1.643
run_20260725_202915_node,node_failure,4,measured,214.3,45,0.1556,3287.7,5267.7,5433.6,3,28.514,1.602
run_20260725_202915_node,node_failure,4,measured,215.3,69,0.3478,4442.9,6898.8,8268.6,3,38.533,1.553
run_20260725_202915_node,node_failure,4,measured,216.3,53,0.2264,3938.0,6280.1,7625.3,3,34.154,1.595
run_20260725_202915_node,node_failure,4,measured,217.3,57,0.3158,2590.3,6378.1,6476.4,3,22.466,2.462
run_20260725_202915_node,node_failure,4,measured,218.3,88,0.2841,1127.7,3855.1,5358.0,3,9.781,3.419
run_20260725_202915_node,node_failure,4,measured,219.3,72,0.3333,2934.7,5061.3,5358.8,3,25.453,1.725
run_20260725_202915_node,node_failure,4,measured,220.3,65,0.2308,3495.3,5022.1,5065.5,3,30.315,1.437
run_20260725_202915_node,node_failure,4,measured,221.3,69,0.2609,3239.2,5032.1,5083.3,3,28.094,1.554
run_20260725_202915_node,node_failure,4,measured,222.3,70,0.2571,2955.3,4993.5,5420.8,3,25.631,1.69
run_20260725_202915_node,node_failure,4,measured,223.3,60,0.3,2845.7,5027.0,5296.8,3,24.681,1.767
run_20260725_202915_node,node_failure,4,measured,224.3,70,0.2857,2898.3,5044.2,5087.4,3,25.137,1.74
run_20260725_202915_node,node_failure,4,measured,225.3,42,0.0714,3328.3,4908.5,5047.9,3,28.866,1.475
run_20260725_202915_node,node_failure,4,measured,226.3,42,0.0238,3307.1,4724.4,4741.8,3,28.683,1.429
run_20260725_202915_node,node_failure,4,measured,227.3,42,0.0714,2405.4,4386.7,4524.6,3,20.862,1.824
run_20260725_202915_node,node_failure,4,measured,228.3,42,0.1667,2139.4,3977.0,4205.5,3,18.555,1.859
run_20260725_202915_node,node_failure,4,measured,229.3,42,0.0476,2005.2,3578.8,3598.2,3,17.391,1.785
run_20260725_202915_node,node_failure,4,measured,230.3,42,0.0,1752.4,3137.2,3248.6,3,15.199,1.79
run_20260725_202915_node,node_failure,4,measured,231.3,42,0.0,1447.0,2718.9,2763.2,3,12.55,1.879
run_20260725_202915_node,node_failure,4,measured,232.3,42,0.0,1038.6,2625.5,2647.7,3,9.008,2.528
run_20260725_202915_node,node_failure,4,measured,233.3,42,0.0,757.8,2398.0,2464.0,3,6.572,3.164
run_20260725_202915_node,node_failure,4,measured,234.3,42,0.0,420.9,2199.9,2226.0,3,3.65,5.227
run_20260725_202915_node,node_failure,4,measured,235.3,42,0.0,138.6,2095.1,2102.7,3,1.202,15.116
run_20260725_202915_node,node_failure,4,measured,236.3,42,0.0,128.1,1893.4,1899.2,3,1.111,14.781
run_20260725_202915_node,node_failure,4,measured,237.3,32,0.0,165.6,1539.0,1547.8,3,1.436,9.293
run_20260728_141846_node,node_failure,4,measured,-60.9,26,0.0,109.2,162.5,195.6,3,0.965,1.488
run_20260728_141846_node,node_failure,4,measured,-59.9,42,0.0238,139.5,196.6,205.5,3,1.232,1.409
run_20260728_141846_node,node_failure,4,measured,-58.9,41,0.0,117.6,169.5,233.2,3,1.039,1.441
run_20260728_141846_node,node_failure,4,measured,-57.9,42,0.0,112.0,215.6,223.6,3,0.989,1.925
run_20260728_141846_node,node_failure,4,measured,-56.9,42,0.0,111.8,164.8,207.7,3,0.988,1.474
run_20260728_141846_node,node_failure,4,measured,-55.9,42,0.0,113.5,164.4,169.1,3,1.003,1.448
run_20260728_141846_node,node_failure,4,measured,-54.9,42,0.0,122.5,249.3,274.5,3,1.082,2.035
run_20260728_141846_node,node_failure,4,measured,-53.9,42,0.0,117.1,198.5,211.4,3,1.034,1.695
run_20260728_141846_node,node_failure,4,measured,-52.9,43,0.0,110.3,162.9,170.7,3,0.974,1.477
run_20260728_141846_node,node_failure,4,measured,-51.9,41,0.0,120.3,228.9,253.2,3,1.063,1.903
run_20260728_141846_node,node_failure,4,measured,-50.9,42,0.0,114.2,181.2,198.9,3,1.009,1.587
run_20260728_141846_node,node_failure,4,measured,-49.9,42,0.0,112.6,182.3,190.3,3,0.995,1.619
run_20260728_141846_node,node_failure,4,measured,-48.9,42,0.0,111.8,162.9,199.8,3,0.988,1.457
run_20260728_141846_node,node_failure,4,measured,-47.9,42,0.0,110.9,166.7,169.8,3,0.98,1.503
run_20260728_141846_node,node_failure,4,measured,-46.9,42,0.0,115.6,173.6,200.9,3,1.021,1.502
run_20260728_141846_node,node_failure,4,measured,-45.9,42,0.0238,113.1,171.6,198.5,3,0.999,1.517
run_20260728_141846_node,node_failure,4,measured,-44.9,42,0.0,111.4,164.8,189.9,3,0.984,1.479
run_20260728_141846_node,node_failure,4,measured,-43.9,42,0.0,108.3,157.9,162.7,3,0.957,1.458
run_20260728_141846_node,node_failure,4,measured,-42.9,42,0.0,108.2,165.8,212.0,3,0.956,1.532
run_20260728_141846_node,node_failure,4,measured,-41.9,42,0.0,108.9,223.1,255.0,3,0.962,2.049
run_20260728_141846_node,node_failure,4,measured,-40.9,42,0.0,168.1,270.8,304.8,3,1.485,1.611
run_20260728_141846_node,node_failure,4,measured,-39.9,42,0.0,167.7,307.4,315.4,3,1.481,1.833
run_20260728_141846_node,node_failure,4,measured,-38.9,43,0.0,112.2,254.7,276.9,3,0.991,2.27
run_20260728_141846_node,node_failure,4,measured,-37.9,42,0.0,111.6,193.0,201.6,3,0.986,1.729
run_20260728_141846_node,node_failure,4,measured,-36.9,41,0.0,108.1,162.2,165.7,3,0.955,1.5
run_20260728_141846_node,node_failure,4,measured,-35.9,42,0.0,115.4,196.4,216.9,3,1.019,1.702
run_20260728_141846_node,node_failure,4,measured,-34.9,42,0.0,112.6,186.7,201.4,3,0.995,1.658
run_20260728_141846_node,node_failure,4,measured,-33.9,43,0.0,112.6,206.7,229.6,3,0.995,1.836
run_20260728_141846_node,node_failure,4,measured,-32.9,41,0.0,111.4,177.2,201.4,3,0.984,1.591
run_20260728_141846_node,node_failure,4,measured,-31.9,42,0.0,111.4,198.1,226.1,3,0.984,1.778
run_20260728_141846_node,node_failure,4,measured,-30.9,42,0.0,114.7,200.8,205.9,3,1.013,1.751
run_20260728_141846_node,node_failure,4,measured,-29.9,43,0.0,109.9,191.8,195.8,3,0.971,1.745
run_20260728_141846_node,node_failure,4,measured,-28.9,42,0.0,123.2,331.3,384.9,3,1.088,2.689
run_20260728_141846_node,node_failure,4,measured,-27.9,42,0.0476,112.9,167.1,173.1,3,0.997,1.48
run_20260728_141846_node,node_failure,4,measured,-26.9,41,0.0,156.0,292.6,306.0,3,1.378,1.876
run_20260728_141846_node,node_failure,4,measured,-25.9,42,0.0,123.0,257.0,280.0,3,1.087,2.089
run_20260728_141846_node,node_failure,4,measured,-24.9,43,0.0,161.0,293.6,314.2,3,1.422,1.824
run_20260728_141846_node,node_failure,4,measured,-23.9,41,0.0,118.3,212.4,222.6,3,1.045,1.795
run_20260728_141846_node,node_failure,4,measured,-22.9,42,0.0,128.4,174.5,193.2,3,1.134,1.359
run_20260728_141846_node,node_failure,4,measured,-21.9,43,0.0,110.8,166.0,197.1,3,0.979,1.498
run_20260728_141846_node,node_failure,4,measured,-20.9,41,0.0,195.8,314.7,330.9,3,1.73,1.607
run_20260728_141846_node,node_failure,4,measured,-19.9,43,0.0,126.4,225.3,272.0,3,1.117,1.782
run_20260728_141846_node,node_failure,4,measured,-18.9,41,0.0,110.0,164.3,177.4,3,0.972,1.494
run_20260728_141846_node,node_failure,4,measured,-17.9,43,0.0,109.5,169.6,206.4,3,0.967,1.549
run_20260728_141846_node,node_failure,4,measured,-16.9,41,0.0,109.6,164.3,193.3,3,0.968,1.499
run_20260728_141846_node,node_failure,4,measured,-15.9,43,0.0,119.8,206.5,222.3,3,1.058,1.724
run_20260728_141846_node,node_failure,4,measured,-14.9,42,0.0,115.1,187.1,228.3,3,1.017,1.626
run_20260728_141846_node,node_failure,4,measured,-13.9,41,0.0,167.6,354.8,376.4,3,1.481,2.117
run_20260728_141846_node,node_failure,4,measured,-12.9,42,0.0,112.2,234.7,272.3,3,0.991,2.092
run_20260728_141846_node,node_failure,4,measured,-11.9,42,0.0,136.4,189.7,211.9,3,1.205,1.391
run_20260728_141846_node,node_failure,4,measured,-10.9,43,0.0,112.0,194.2,200.3,3,0.989,1.734
run_20260728_141846_node,node_failure,4,measured,-9.9,41,0.0,109.7,247.2,380.3,3,0.969,2.253
run_20260728_141846_node,node_failure,4,measured,-8.9,42,0.0,123.6,282.2,317.5,3,1.092,2.283
run_20260728_141846_node,node_failure,4,measured,-7.9,42,0.0,141.2,188.4,192.3,3,1.247,1.334
run_20260728_141846_node,node_failure,4,measured,-6.9,43,0.0233,116.3,216.4,265.2,3,1.027,1.861
run_20260728_141846_node,node_failure,4,measured,-5.9,41,0.0,114.1,187.0,204.4,3,1.008,1.639
run_20260728_141846_node,node_failure,4,measured,-4.9,42,0.0,113.8,171.8,200.9,3,1.005,1.51
run_20260728_141846_node,node_failure,4,measured,-3.9,42,0.0,112.4,174.1,190.0,3,0.993,1.549
run_20260728_141846_node,node_failure,4,measured,-2.9,42,0.0,113.2,198.2,220.4,3,1.0,1.751
run_20260728_141846_node,node_failure,4,measured,-1.9,42,0.0,138.9,262.3,287.7,3,1.227,1.888
run_20260728_141846_node,node_failure,4,measured,-0.9,42,0.0,107.9,159.3,178.8,3,0.953,1.476
run_20260728_141846_node,node_failure,4,measured,0.1,42,0.3571,114.1,5039.6,5044.2,3,1.008,44.168
run_20260728_141846_node,node_failure,4,measured,1.1,43,0.3023,131.8,5014.2,5020.5,2,1.164,38.044
run_20260728_141846_node,node_failure,4,measured,2.1,41,0.2683,141.1,5015.1,5064.6,2,1.246,35.543
run_20260728_141846_node,node_failure,4,measured,3.1,43,0.3488,186.7,5016.8,5018.9,2,1.649,26.871
run_20260728_141846_node,node_failure,4,measured,4.1,42,0.3095,153.5,5014.6,5018.8,2,1.356,32.668
run_20260728_141846_node,node_failure,4,measured,5.1,41,0.2439,152.0,5015.3,5016.2,2,1.343,32.995
run_20260728_141846_node,node_failure,4,measured,6.1,42,0.4286,137.4,5014.0,5016.1,2,1.214,36.492
run_20260728_141846_node,node_failure,4,measured,7.1,43,0.2326,138.6,5016.1,5017.9,2,1.224,36.191
run_20260728_141846_node,node_failure,4,measured,8.1,41,0.3902,172.4,5017.2,5021.0,2,1.523,29.102
run_20260728_141846_node,node_failure,4,measured,9.1,42,0.2857,195.1,5014.0,5016.3,2,1.723,25.7
run_20260728_141846_node,node_failure,4,measured,10.1,42,0.2619,201.7,5013.7,5025.0,2,1.782,24.857
run_20260728_141846_node,node_failure,4,measured,11.1,42,0.2619,175.0,5014.4,5017.6,2,1.546,28.654
run_20260728_141846_node,node_failure,4,measured,12.1,43,0.3256,140.8,5014.8,5017.3,2,1.244,35.616
run_20260728_141846_node,node_failure,4,measured,13.1,41,0.2683,149.6,5014.6,5019.7,2,1.322,33.52
run_20260728_141846_node,node_failure,4,measured,14.1,43,0.3488,141.9,5017.2,5020.4,2,1.254,35.357
run_20260728_141846_node,node_failure,4,measured,15.1,41,0.2439,165.6,5013.5,5016.2,2,1.463,30.275
run_20260728_141846_node,node_failure,4,measured,16.1,43,0.2791,137.7,5013.5,5015.8,2,1.216,36.409
run_20260728_141846_node,node_failure,4,measured,17.1,42,0.3571,244.8,5017.1,5019.7,2,2.163,20.495
run_20260728_141846_node,node_failure,4,measured,18.1,42,0.3571,116.8,5013.8,5018.2,2,1.032,42.926
run_20260728_141846_node,node_failure,4,measured,19.1,41,0.4634,165.6,5042.8,5354.9,2,1.463,30.452
run_20260728_141846_node,node_failure,4,measured,20.1,43,0.3953,164.9,5069.7,5215.3,2,1.457,30.744
run_20260728_141846_node,node_failure,4,measured,21.1,41,0.3171,118.9,5013.1,5016.6,2,1.05,42.162
run_20260728_141846_node,node_failure,4,measured,22.1,43,0.2093,150.4,5018.8,5023.9,2,1.329,33.37
run_20260728_141846_node,node_failure,4,measured,23.1,41,0.3659,174.3,5013.6,5016.6,2,1.54,28.764
run_20260728_141846_node,node_failure,4,measured,24.1,42,0.381,530.6,5023.6,5050.9,2,4.687,9.468
run_20260728_141846_node,node_failure,4,measured,25.1,42,0.3571,569.5,5046.3,5179.9,2,5.031,8.861
run_20260728_141846_node,node_failure,4,measured,26.1,42,0.2619,179.7,5014.5,5022.2,2,1.587,27.905
run_20260728_141846_node,node_failure,4,measured,27.1,42,0.4048,189.1,5014.6,5021.7,2,1.67,26.518
run_20260728_141846_node,node_failure,4,measured,28.1,42,0.2619,163.5,5013.5,5014.2,2,1.444,30.664
run_20260728_141846_node,node_failure,4,measured,29.1,42,0.2143,138.9,5011.6,5017.5,2,1.227,36.081
run_20260728_141846_node,node_failure,4,measured,30.1,43,0.2326,153.6,5026.3,5044.8,2,1.357,32.723
run_20260728_141846_node,node_failure,4,measured,31.1,42,0.3333,165.0,5017.7,5042.7,2,1.458,30.41
run_20260728_141846_node,node_failure,4,measured,32.1,42,0.381,122.3,5017.6,5021.3,2,1.08,41.027
run_20260728_141846_node,node_failure,4,measured,33.1,42,0.4762,134.2,5018.1,5022.8,2,1.186,37.393
run_20260728_141846_node,node_failure,4,measured,34.1,41,0.4878,146.4,5018.2,5023.5,2,1.293,34.277
run_20260728_141846_node,node_failure,4,measured,35.1,42,0.3333,146.1,5024.9,5032.0,2,1.291,34.394
run_20260728_141846_node,node_failure,4,measured,36.1,42,0.5,150.0,5015.7,5019.9,2,1.325,33.438
run_20260728_141846_node,node_failure,4,measured,37.1,43,0.2558,141.1,5014.5,5018.4,2,1.246,35.539
run_20260728_141846_node,node_failure,4,measured,38.1,42,0.4048,115.4,5016.4,5021.4,2,1.019,43.47
run_20260728_141846_node,node_failure,4,measured,39.1,41,0.4634,165.8,5016.5,5022.9,2,1.465,30.256
run_20260728_141846_node,node_failure,4,measured,40.1,42,0.3333,141.4,5016.3,5022.9,2,1.249,35.476
run_20260728_141846_node,node_failure,4,measured,41.1,42,0.2619,149.6,5013.9,5014.9,2,1.322,33.515
run_20260728_141846_node,node_failure,4,measured,42.1,42,0.2143,119.3,5023.4,5059.4,2,1.054,42.107
run_20260728_141846_node,node_failure,4,measured,43.1,42,0.2857,118.4,5014.3,5017.8,2,1.046,42.351
run_20260728_141846_node,node_failure,4,measured,44.1,42,0.5,145.0,5017.5,5019.7,2,1.281,34.603
run_20260728_141846_node,node_failure,4,measured,45.1,42,0.3571,114.9,5016.2,5021.5,2,1.015,43.657
run_20260728_141846_node,node_failure,4,measured,46.1,43,0.2791,121.0,5018.2,5051.1,2,1.069,41.473
run_20260728_141846_node,node_failure,4,measured,47.1,41,0.5122,284.3,5090.1,5162.2,2,2.511,17.904
run_20260728_141846_node,node_failure,4,measured,48.1,43,0.3721,164.3,5052.2,5133.5,2,1.451,30.75
run_20260728_141846_node,node_failure,4,measured,49.1,42,0.2619,189.0,5012.5,5012.9,2,1.67,26.521
run_20260728_141846_node,node_failure,4,measured,50.1,41,0.3659,149.3,5016.2,5019.9,2,1.319,33.598
run_20260728_141846_node,node_failure,4,measured,51.1,43,0.1163,181.3,5022.5,5031.0,2,1.602,27.703
run_20260728_141846_node,node_failure,4,measured,52.1,41,0.0732,240.8,523.7,5015.2,2,2.127,2.175
run_20260728_141846_node,node_failure,4,measured,53.1,42,0.0952,367.2,511.6,5022.9,2,3.244,1.393
run_20260728_141846_node,node_failure,4,measured,54.1,42,0.0238,322.1,421.5,5018.5,2,2.845,1.309
run_20260728_141846_node,node_failure,4,measured,55.1,42,0.119,462.3,5015.2,5016.9,2,4.084,10.848
run_20260728_141846_node,node_failure,4,measured,56.1,42,0.0238,279.4,704.9,779.7,2,2.468,2.523
run_20260728_141846_node,node_failure,4,measured,57.1,42,0.0,510.4,718.6,747.0,2,4.509,1.408
run_20260728_141846_node,node_failure,4,measured,58.1,43,0.1395,527.1,5017.0,5036.0,2,4.656,9.518
run_20260728_141846_node,node_failure,4,measured,59.1,42,0.2381,352.7,5013.5,5023.1,2,3.116,14.215
run_20260728_141846_node,node_failure,4,measured,60.1,41,0.122,269.3,5012.5,5015.2,2,2.379,18.613
run_20260728_141846_node,node_failure,4,measured,61.1,43,0.2791,163.8,5016.7,5028.6,2,1.447,30.627
run_20260728_141846_node,node_failure,4,measured,62.1,42,0.119,163.5,5008.2,5011.6,2,1.444,30.631
run_20260728_141846_node,node_failure,4,measured,63.1,41,0.0732,171.2,3857.3,5015.5,2,1.512,22.531
run_20260728_141846_node,node_failure,4,measured,64.1,42,0.1429,174.0,5016.7,5020.6,2,1.537,28.832
run_20260728_141846_node,node_failure,4,measured,65.1,43,0.093,181.8,5013.9,5216.6,2,1.606,27.579
run_20260728_141846_node,node_failure,4,measured,66.1,41,0.0976,346.5,5013.4,5017.9,2,3.061,14.469
run_20260728_141846_node,node_failure,4,measured,67.1,42,0.1429,310.9,5009.5,5010.5,2,2.746,16.113
run_20260728_141846_node,node_failure,4,measured,68.1,42,0.1667,181.1,5014.4,5022.4,2,1.6,27.689
run_20260728_141846_node,node_failure,4,measured,69.1,42,0.2381,219.3,5015.3,5073.9,2,1.937,22.87
run_20260728_141846_node,node_failure,4,measured,70.1,43,0.1628,286.5,5012.4,5053.4,2,2.531,17.495
run_20260728_141846_node,node_failure,4,measured,71.1,41,0.0488,257.8,598.1,5023.1,2,2.277,2.32
run_20260728_141846_node,node_failure,4,measured,72.1,42,0.0238,381.2,483.9,5028.6,2,3.367,1.269
run_20260728_141846_node,node_failure,4,measured,73.1,42,0.0,425.4,522.3,565.1,2,3.758,1.228
run_20260728_141846_node,node_failure,4,measured,74.1,42,0.0238,514.6,736.4,4912.3,2,4.546,1.431
run_20260728_141846_node,node_failure,4,measured,75.1,43,0.0698,556.6,662.1,4388.7,2,4.917,1.19
run_20260728_141846_node,node_failure,4,measured,76.1,41,0.0,667.1,838.8,866.4,2,5.893,1.257
run_20260728_141846_node,node_failure,4,measured,77.1,42,0.0,893.4,1004.0,1066.6,2,7.892,1.124
run_20260728_141846_node,node_failure,4,measured,78.1,42,0.0,495.8,1082.4,1161.1,2,4.38,2.183
run_20260728_141846_node,node_failure,4,measured,79.1,43,0.0,1055.0,1327.6,2334.5,2,9.32,1.258
run_20260728_141846_node,node_failure,4,measured,80.1,41,0.0,430.9,1367.0,1394.6,2,3.807,3.172
run_20260728_141846_node,node_failure,4,measured,81.1,43,0.0,342.8,1247.6,1349.4,3,3.028,3.639
run_20260728_141846_node,node_failure,4,measured,82.1,41,0.0732,171.6,2877.3,3116.1,3,1.516,16.767
run_20260728_141846_node,node_failure,4,measured,83.1,43,0.1395,153.2,5011.1,5027.8,3,1.353,32.71
run_20260728_141846_node,node_failure,4,measured,84.1,41,0.1951,117.9,5012.2,5013.7,3,1.042,42.512
run_20260728_141846_node,node_failure,4,measured,85.1,42,0.2143,115.5,5015.1,5016.5,3,1.02,43.421
run_20260728_141846_node,node_failure,4,measured,86.1,42,0.1905,110.7,5013.2,5026.3,3,0.978,45.286
run_20260728_141846_node,node_failure,4,measured,87.1,43,0.1163,112.7,5012.0,5013.9,3,0.996,44.472
run_20260728_141846_node,node_failure,4,measured,88.1,42,0.0714,114.3,5008.4,5015.7,3,1.01,43.818
run_20260728_141846_node,node_failure,4,measured,89.1,41,0.0488,113.5,210.1,5010.9,3,1.003,1.851
run_20260728_141846_node,node_failure,4,measured,90.1,42,0.0,113.6,232.1,265.3,3,1.004,2.043
run_20260728_141846_node,node_failure,4,measured,91.1,43,0.0465,111.4,201.6,5013.8,3,0.984,1.81
run_20260728_141846_node,node_failure,4,measured,92.1,41,0.0976,114.3,5011.8,5017.6,3,1.01,43.848
run_20260728_141846_node,node_failure,4,measured,93.1,43,0.1163,151.9,5012.5,5015.2,3,1.342,32.999
run_20260728_141846_node,node_failure,4,measured,94.1,41,0.0244,111.8,197.3,5015.7,3,0.988,1.765
run_20260728_141846_node,node_failure,4,measured,95.1,43,0.0698,113.9,2874.4,5016.6,3,1.006,25.236
run_20260728_141846_node,node_failure,4,measured,96.1,41,0.0,110.3,165.1,176.4,3,0.974,1.497
run_20260728_141846_node,node_failure,4,measured,97.1,42,0.0,118.1,215.3,254.3,3,1.043,1.823
run_20260728_141846_node,node_failure,4,measured,98.1,42,0.0,128.4,321.8,372.4,3,1.134,2.506
run_20260728_141846_node,node_failure,4,measured,99.1,42,0.0,125.0,418.5,455.9,3,1.104,3.348
run_20260728_141846_node,node_failure,4,measured,100.1,42,0.0,109.2,203.2,235.3,3,0.965,1.861
run_20260728_141846_node,node_failure,4,measured,101.1,42,0.0,108.3,145.4,161.4,3,0.957,1.343
run_20260728_141846_node,node_failure,4,measured,102.1,42,0.0952,111.0,2945.1,3089.5,3,0.981,26.532
run_20260728_141846_node,node_failure,4,measured,103.1,43,0.0233,136.5,221.0,5009.3,3,1.206,1.619
run_20260728_141846_node,node_failure,4,measured,104.1,42,0.0714,139.5,271.1,5014.4,3,1.232,1.943
run_20260728_141846_node,node_failure,4,measured,105.1,42,0.0952,110.2,5010.2,5013.5,3,0.973,45.465
run_20260728_141846_node,node_failure,4,measured,106.1,41,0.0,120.5,171.2,178.7,3,1.064,1.421
run_20260728_141846_node,node_failure,4,measured,107.1,42,0.0,111.1,187.2,199.8,3,0.981,1.685
run_20260728_141846_node,node_failure,4,measured,108.1,42,0.0,112.7,188.2,206.8,3,0.996,1.67
run_20260728_141846_node,node_failure,4,measured,109.1,42,0.0,153.0,218.1,257.4,3,1.352,1.425
run_20260728_141846_node,node_failure,4,measured,110.1,43,0.0,111.5,197.5,231.9,3,0.985,1.771
run_20260728_141846_node,node_failure,4,measured,111.1,42,0.0714,119.6,174.0,4111.7,3,1.057,1.455
run_20260728_141846_node,node_failure,4,measured,112.1,41,0.0732,118.0,3186.4,5021.2,3,1.042,27.003
run_20260728_141846_node,node_failure,4,measured,113.1,43,0.1628,139.8,5012.8,5055.5,3,1.235,35.857
run_20260728_141846_node,node_failure,4,measured,114.1,41,0.2439,124.8,5014.0,5026.9,3,1.102,40.176
run_20260728_141846_node,node_failure,4,measured,115.1,43,0.1163,240.3,5010.4,5049.8,3,2.123,20.851
run_20260728_141846_node,node_failure,4,measured,116.1,41,0.0488,216.0,378.7,5019.0,3,1.908,1.753
run_20260728_141846_node,node_failure,4,measured,117.1,43,0.0,121.2,211.1,244.4,3,1.071,1.742
run_20260728_141846_node,node_failure,4,measured,118.1,41,0.0,132.9,202.3,216.5,3,1.174,1.522
run_20260728_141846_node,node_failure,4,measured,119.1,43,0.0465,110.3,189.9,5126.5,3,0.974,1.722
run_20260728_141846_node,node_failure,4,measured,120.1,42,0.0476,114.4,203.4,5011.7,3,1.011,1.778
run_20260728_141846_node,node_failure,4,measured,121.1,42,0.0238,108.2,221.1,5014.3,3,0.956,2.043
run_20260728_141846_node,node_failure,4,measured,122.1,41,0.122,108.7,5009.4,5013.7,3,0.96,46.085
run_20260728_141846_node,node_failure,4,measured,123.1,43,0.3023,183.2,5012.9,5123.3,3,1.618,27.363
run_20260728_141846_node,node_failure,4,measured,124.1,41,0.1463,134.5,5010.9,5064.7,3,1.188,37.256
run_20260728_141846_node,node_failure,4,measured,125.1,42,0.0714,147.0,3043.1,5061.5,3,1.299,20.701
run_20260728_141846_node,node_failure,4,measured,126.1,42,0.0476,116.6,240.8,5015.5,3,1.03,2.065
run_20260728_141846_node,node_failure,4,measured,127.1,42,0.0,148.3,250.7,301.5,3,1.31,1.69
run_20260728_141846_node,node_failure,4,measured,128.1,42,0.0238,111.8,219.7,5009.3,3,0.988,1.965
run_20260728_141846_node,node_failure,4,measured,129.1,43,0.0698,110.1,5009.1,5018.1,3,0.973,45.496
run_20260728_141846_node,node_failure,4,measured,130.1,41,0.0732,110.6,4114.9,5011.1,3,0.977,37.205
run_20260728_141846_node,node_failure,4,measured,131.1,43,0.1163,166.4,5012.0,5014.3,3,1.47,30.12
run_20260728_141846_node,node_failure,4,measured,132.1,41,0.0244,118.0,179.9,5026.7,3,1.042,1.525
run_20260728_141846_node,node_failure,4,measured,133.1,42,0.0,111.8,213.6,224.7,3,0.988,1.911
run_20260728_141846_node,node_failure,4,measured,134.1,42,0.0,113.0,238.4,261.2,3,0.998,2.11
run_20260728_141846_node,node_failure,4,measured,135.1,43,0.0,110.4,156.8,235.3,3,0.975,1.42
run_20260728_141846_node,node_failure,4,measured,136.1,41,0.0,123.1,239.9,278.3,3,1.087,1.949
run_20260728_141846_node,node_failure,4,measured,137.1,42,0.0,126.0,198.4,212.2,3,1.113,1.575
run_20260728_141846_node,node_failure,4,measured,138.1,42,0.0,112.1,194.7,230.6,3,0.99,1.737
run_20260728_141846_node,node_failure,4,measured,139.1,43,0.0,110.4,164.7,165.4,3,0.975,1.492
run_20260728_141846_node,node_failure,4,measured,140.1,42,0.0,113.3,171.4,197.9,3,1.001,1.513
run_20260728_141846_node,node_failure,4,measured,141.1,41,0.0,131.6,196.5,236.3,3,1.163,1.493
run_20260728_141846_node,node_failure,4,measured,142.1,42,0.0,111.4,168.0,237.7,3,0.984,1.508
run_20260728_141846_node,node_failure,4,measured,143.1,42,0.0,109.7,163.4,185.9,3,0.969,1.49
run_20260728_141846_node,node_failure,4,measured,144.1,42,0.0,109.4,149.7,171.3,3,0.966,1.368
run_20260728_141846_node,node_failure,4,measured,145.1,42,0.0,111.0,210.8,221.9,3,0.981,1.899
run_20260728_141846_node,node_failure,4,measured,146.1,42,0.0,112.4,189.8,221.6,3,0.993,1.689
run_20260728_141846_node,node_failure,4,measured,147.1,42,0.0238,116.7,219.0,241.7,3,1.031,1.877
run_20260728_141846_node,node_failure,4,measured,148.1,42,0.0,111.0,190.4,194.7,3,0.981,1.715
run_20260728_141846_node,node_failure,4,measured,149.1,43,0.0,120.8,302.5,318.4,3,1.067,2.504
run_20260728_141846_node,node_failure,4,measured,150.1,41,0.0,133.5,173.3,190.5,3,1.179,1.298
run_20260728_141846_node,node_failure,4,measured,151.1,43,0.0,121.0,208.5,222.8,3,1.069,1.723
run_20260728_141846_node,node_failure,4,measured,152.1,42,0.0238,110.3,152.6,168.8,3,0.974,1.383
run_20260728_141846_node,node_failure,4,measured,153.1,41,0.0,110.3,161.6,190.9,3,0.974,1.465
run_20260728_141846_node,node_failure,4,measured,154.1,42,0.0,111.0,214.7,248.5,3,0.981,1.934
run_20260728_141846_node,node_failure,4,measured,155.1,43,0.0,120.8,177.2,195.4,3,1.067,1.467
run_20260728_141846_node,node_failure,4,measured,156.1,41,0.0,115.5,221.1,261.4,3,1.02,1.914
run_20260728_141846_node,node_failure,4,measured,157.1,42,0.0,113.3,173.1,205.6,3,1.001,1.528
run_20260728_141846_node,node_failure,4,measured,158.1,43,0.0,110.9,143.9,166.1,3,0.98,1.298
run_20260728_141846_node,node_failure,4,measured,159.1,41,0.0,112.2,175.1,183.7,3,0.991,1.561
run_20260728_141846_node,node_failure,4,measured,160.1,43,0.0465,136.1,217.2,252.6,3,1.202,1.596
run_20260728_141846_node,node_failure,4,measured,161.1,42,0.0,127.3,197.5,221.8,3,1.125,1.551
run_20260728_141846_node,node_failure,4,measured,162.1,42,0.0,117.9,247.1,304.1,3,1.042,2.096
run_20260728_141846_node,node_failure,4,measured,163.1,42,0.0,117.0,169.4,201.4,3,1.034,1.448
run_20260728_141846_node,node_failure,4,measured,164.1,42,0.0,108.6,171.2,197.3,3,0.959,1.576
run_20260728_141846_node,node_failure,4,measured,165.1,41,0.0,109.8,168.7,172.5,3,0.97,1.536
run_20260728_141846_node,node_failure,4,measured,166.1,43,0.0,112.3,250.3,258.3,3,0.992,2.229
run_20260728_141846_node,node_failure,4,measured,167.1,41,0.0,109.9,174.4,216.1,3,0.971,1.587
run_20260728_141846_node,node_failure,4,measured,168.1,43,0.0,113.4,189.7,198.3,3,1.002,1.673
run_20260728_141846_node,node_failure,4,measured,169.1,41,0.0,137.9,183.5,194.5,3,1.218,1.331
run_20260728_141846_node,node_failure,4,measured,170.1,43,0.0,118.0,206.8,254.8,3,1.042,1.753
run_20260728_141846_node,node_failure,4,measured,171.1,41,0.0,116.7,278.3,321.3,3,1.031,2.385
run_20260728_141846_node,node_failure,4,measured,172.1,42,0.0,111.1,197.5,245.4,3,0.981,1.778
run_20260728_141846_node,node_failure,4,measured,173.1,43,0.0,109.8,151.8,172.0,3,0.97,1.383
run_20260728_141846_node,node_failure,4,measured,174.1,41,0.0,109.9,159.6,175.4,3,0.971,1.452
run_20260728_141846_node,node_failure,4,measured,175.1,42,0.0,111.3,192.7,218.8,3,0.983,1.731
run_20260728_141846_node,node_failure,4,measured,176.1,43,0.0,113.4,171.7,179.8,3,1.002,1.514
run_20260728_141846_node,node_failure,4,measured,177.1,41,0.0,121.2,175.4,188.5,3,1.071,1.447
run_20260728_141846_node,node_failure,4,measured,178.1,43,0.0,114.2,185.2,205.4,3,1.009,1.622
run_20260728_141846_node,node_failure,4,measured,179.1,42,0.0,126.2,209.5,255.7,3,1.115,1.66
run_20260728_141846_node,node_failure,4,measured,180.1,42,0.0,109.4,197.6,203.3,3,0.966,1.806
run_20260728_141846_node,node_failure,4,measured,181.1,42,0.0,122.9,190.7,237.6,3,1.086,1.552
run_20260728_141846_node,node_failure,4,measured,182.1,41,0.0,117.1,222.9,259.0,3,1.034,1.904
run_20260728_141846_node,node_failure,4,measured,183.1,42,0.0,109.3,195.8,199.9,3,0.966,1.791
run_20260728_141846_node,node_failure,4,measured,184.1,43,0.0,113.2,187.1,193.5,3,1.0,1.653
run_20260728_141846_node,node_failure,4,measured,185.1,41,0.0,109.8,163.7,168.4,3,0.97,1.491
run_20260728_141846_node,node_failure,4,measured,186.1,42,0.0238,136.4,221.6,245.9,3,1.205,1.625
run_20260728_141846_node,node_failure,4,measured,187.1,42,0.0,119.7,190.2,225.4,3,1.057,1.589
run_20260728_141846_node,node_failure,4,measured,188.1,43,0.0,121.7,218.2,239.1,3,1.075,1.793
run_20260728_141846_node,node_failure,4,measured,189.1,42,0.0,116.9,188.1,209.2,3,1.033,1.609
run_20260728_141846_node,node_failure,4,measured,190.1,41,0.0,113.7,215.9,232.1,3,1.004,1.899
run_20260728_141846_node,node_failure,4,measured,191.1,42,0.0,112.9,191.9,226.2,3,0.997,1.7
run_20260728_141846_node,node_failure,4,measured,192.1,43,0.0,117.0,185.8,280.5,3,1.034,1.588
run_20260728_141846_node,node_failure,4,measured,193.1,41,0.0244,116.4,176.5,226.7,3,1.028,1.516
run_20260728_141846_node,node_failure,4,measured,194.1,42,0.0,113.9,187.6,222.1,3,1.006,1.647
run_20260728_141846_node,node_failure,4,measured,195.1,42,0.0,119.9,306.3,359.7,3,1.059,2.555
run_20260728_141846_node,node_failure,4,measured,196.1,43,0.0,112.0,175.4,212.3,3,0.989,1.566
run_20260728_141846_node,node_failure,4,measured,197.1,42,0.0,108.4,177.5,189.5,3,0.958,1.637
run_20260728_141846_node,node_failure,4,measured,198.1,42,0.0,115.0,164.8,195.1,3,1.016,1.433
run_20260728_141846_node,node_failure,4,measured,199.1,41,0.0,113.1,196.8,206.3,3,0.999,1.74
run_20260728_141846_node,node_failure,4,measured,200.1,42,0.0,119.9,240.5,269.7,3,1.059,2.006
run_20260728_141846_node,node_failure,4,measured,201.1,42,0.0,118.5,201.0,255.1,3,1.047,1.696
run_20260728_141846_node,node_failure,4,measured,202.1,42,0.0,120.2,224.0,235.1,3,1.062,1.864
run_20260728_141846_node,node_failure,4,measured,203.1,43,0.0,128.0,224.2,251.2,3,1.131,1.752
run_20260728_141846_node,node_failure,4,measured,204.1,41,0.0,119.7,188.3,214.2,3,1.057,1.573
run_20260728_141846_node,node_failure,4,measured,205.1,43,0.0233,116.5,442.9,482.9,3,1.029,3.802
run_20260728_141846_node,node_failure,4,measured,206.1,42,0.0,116.2,196.4,209.5,3,1.027,1.69
run_20260728_141846_node,node_failure,4,measured,207.1,41,0.0,109.0,155.7,157.6,3,0.963,1.428
run_20260728_141846_node,node_failure,4,measured,208.1,42,0.0,118.2,251.5,267.6,3,1.044,2.128
run_20260728_141846_node,node_failure,4,measured,209.1,43,0.0,110.9,163.8,188.4,3,0.98,1.477
run_20260728_141846_node,node_failure,4,measured,210.1,42,0.0,112.9,305.6,358.1,3,0.997,2.707
run_20260728_141846_node,node_failure,4,measured,211.1,41,0.0,127.8,225.9,434.4,3,1.129,1.768
run_20260728_141846_node,node_failure,4,measured,212.1,42,0.0,116.5,207.2,225.0,3,1.029,1.779
run_20260728_141846_node,node_failure,4,measured,213.1,42,0.0,109.0,160.1,168.0,3,0.963,1.469
run_20260728_141846_node,node_failure,4,measured,214.1,42,0.0,110.2,164.7,213.2,3,0.973,1.495
run_20260728_141846_node,node_failure,4,measured,215.1,42,0.0,112.1,155.4,196.9,3,0.99,1.386
run_20260728_141846_node,node_failure,4,measured,216.1,43,0.0,113.7,186.7,201.1,3,1.004,1.642
run_20260728_141846_node,node_failure,4,measured,217.1,41,0.0,110.6,191.8,201.5,3,0.977,1.734
run_20260728_141846_node,node_failure,4,measured,218.1,43,0.0233,107.6,164.7,196.4,3,0.951,1.531
run_20260728_141846_node,node_failure,4,measured,219.1,41,0.0,141.8,231.5,252.3,3,1.253,1.633
run_20260728_141846_node,node_failure,4,measured,220.1,42,0.0,117.8,260.5,289.3,3,1.041,2.211
run_20260728_141846_node,node_failure,4,measured,221.1,42,0.0476,116.1,286.6,331.5,3,1.026,2.469
run_20260728_141846_node,node_failure,4,measured,222.1,43,0.0,113.8,250.5,272.3,3,1.005,2.201
run_20260728_141846_node,node_failure,4,measured,223.1,41,0.0,111.7,162.9,169.9,3,0.987,1.458
run_20260728_141846_node,node_failure,4,measured,224.1,42,0.0,112.6,170.5,171.1,3,0.995,1.514
run_20260728_141846_node,node_failure,4,measured,225.1,43,0.0233,137.5,218.0,232.2,3,1.215,1.585
run_20260728_141846_node,node_failure,4,measured,226.1,41,0.0244,118.2,202.0,215.0,3,1.044,1.709
run_20260728_141846_node,node_failure,4,measured,227.1,42,0.0,111.0,164.0,190.3,3,0.981,1.477
run_20260728_141846_node,node_failure,4,measured,228.1,42,0.0,113.9,170.6,195.7,3,1.006,1.498
run_20260728_141846_node,node_failure,4,measured,229.1,42,0.0,111.9,179.7,194.0,3,0.989,1.606
run_20260728_141846_node,node_failure,4,measured,230.1,42,0.0,117.4,223.0,254.6,3,1.037,1.899
run_20260728_141846_node,node_failure,4,measured,231.1,42,0.0,113.8,204.3,238.6,3,1.005,1.795
run_20260728_141846_node,node_failure,4,measured,232.1,42,0.0,113.4,236.9,273.4,3,1.002,2.089
run_20260728_141846_node,node_failure,4,measured,233.1,42,0.0,118.2,185.6,197.2,3,1.044,1.57
run_20260728_141846_node,node_failure,4,measured,234.1,43,0.0,111.0,168.0,176.1,3,0.981,1.514
run_20260728_141846_node,node_failure,4,measured,235.1,41,0.0,126.3,272.6,306.7,3,1.116,2.158
run_20260728_141846_node,node_failure,4,measured,236.1,42,0.0,110.0,173.9,193.6,3,0.972,1.581
run_20260728_141846_node,node_failure,4,measured,237.1,42,0.0,118.3,200.4,212.7,3,1.045,1.694
run_20260728_141846_node,node_failure,4,measured,238.1,43,0.0,121.8,314.0,340.1,3,1.076,2.578
run_20260728_141846_node,node_failure,4,measured,239.1,16,0.0,130.9,336.2,336.7,3,1.156,2.568
run_20260804_173454_node,node_failure,4,measured,-61.1,30,0.0,109.8,166.8,171.8,3,0.923,1.519
run_20260804_173454_node,node_failure,4,measured,-60.1,42,0.0,111.4,195.3,202.3,3,0.936,1.753
run_20260804_173454_node,node_failure,4,measured,-59.1,42,0.0,111.4,167.6,180.3,3,0.936,1.504
run_20260804_173454_node,node_failure,4,measured,-58.1,42,0.0,110.3,161.0,167.8,3,0.927,1.46
run_20260804_173454_node,node_failure,4,measured,-57.1,42,0.0238,115.1,163.2,171.8,3,0.967,1.418
run_20260804_173454_node,node_failure,4,measured,-56.1,42,0.0,126.8,201.3,218.3,3,1.066,1.588
run_20260804_173454_node,node_failure,4,measured,-55.1,42,0.0,110.9,218.1,283.0,3,0.932,1.967
run_20260804_173454_node,node_failure,4,measured,-54.1,42,0.0,119.8,191.1,243.3,3,1.007,1.595
run_20260804_173454_node,node_failure,4,measured,-53.1,42,0.0,134.8,305.9,322.7,3,1.133,2.269
run_20260804_173454_node,node_failure,4,measured,-52.1,42,0.0,117.2,166.4,177.5,3,0.985,1.42
run_20260804_173454_node,node_failure,4,measured,-51.1,42,0.0238,111.1,166.2,209.7,3,0.934,1.496
run_20260804_173454_node,node_failure,4,measured,-50.1,42,0.0,113.2,176.1,219.9,3,0.951,1.556
run_20260804_173454_node,node_failure,4,measured,-49.1,42,0.0,112.8,216.3,224.4,3,0.948,1.918
run_20260804_173454_node,node_failure,4,measured,-48.1,42,0.0,120.6,205.3,222.9,3,1.013,1.702
run_20260804_173454_node,node_failure,4,measured,-47.1,42,0.0,116.1,235.9,245.6,3,0.976,2.032
run_20260804_173454_node,node_failure,4,measured,-46.1,42,0.0,133.0,252.2,279.5,3,1.118,1.896
run_20260804_173454_node,node_failure,4,measured,-45.1,42,0.0,107.6,161.6,173.3,3,0.904,1.502
run_20260804_173454_node,node_failure,4,measured,-44.1,42,0.0,144.1,267.7,317.9,3,1.211,1.858
run_20260804_173454_node,node_failure,4,measured,-43.1,42,0.0,113.5,213.4,218.9,3,0.954,1.88
run_20260804_173454_node,node_failure,4,measured,-42.1,42,0.0,115.4,224.4,276.9,3,0.97,1.945
run_20260804_173454_node,node_failure,4,measured,-41.1,42,0.0,115.0,165.2,204.3,3,0.966,1.437
run_20260804_173454_node,node_failure,4,measured,-40.1,42,0.0,113.5,146.1,200.9,3,0.954,1.287
run_20260804_173454_node,node_failure,4,measured,-39.1,42,0.0,113.7,194.5,222.2,3,0.955,1.711
run_20260804_173454_node,node_failure,4,measured,-38.1,42,0.0,112.9,180.3,213.7,3,0.949,1.597
run_20260804_173454_node,node_failure,4,measured,-37.1,42,0.0,128.8,204.3,221.7,3,1.082,1.586
run_20260804_173454_node,node_failure,4,measured,-36.1,42,0.0238,123.3,226.5,266.6,3,1.036,1.837
run_20260804_173454_node,node_failure,4,measured,-35.1,42,0.0,137.0,292.6,309.3,3,1.151,2.136
run_20260804_173454_node,node_failure,4,measured,-34.1,42,0.0,116.8,202.0,263.6,3,0.982,1.729
run_20260804_173454_node,node_failure,4,measured,-33.1,42,0.0,113.8,155.8,172.6,3,0.956,1.369
run_20260804_173454_node,node_failure,4,measured,-32.1,42,0.0,116.1,196.7,218.4,3,0.976,1.694
run_20260804_173454_node,node_failure,4,measured,-31.1,42,0.0,160.4,264.3,327.0,3,1.348,1.648
run_20260804_173454_node,node_failure,4,measured,-30.1,42,0.0,120.4,188.5,211.0,3,1.012,1.566
run_20260804_173454_node,node_failure,4,measured,-29.1,42,0.0,114.2,166.1,171.5,3,0.96,1.454
run_20260804_173454_node,node_failure,4,measured,-28.1,42,0.0,117.1,196.4,245.2,3,0.984,1.677
run_20260804_173454_node,node_failure,4,measured,-27.1,42,0.0,115.4,162.2,169.7,3,0.97,1.406
run_20260804_173454_node,node_failure,4,measured,-26.1,42,0.0476,121.6,189.3,202.2,3,1.022,1.557
run_20260804_173454_node,node_failure,4,measured,-25.1,42,0.0238,170.7,401.5,403.7,3,1.434,2.352
run_20260804_173454_node,node_failure,4,measured,-24.1,42,0.0238,347.0,455.4,519.2,3,2.916,1.312
run_20260804_173454_node,node_failure,4,measured,-23.1,42,0.0714,347.8,486.4,653.2,3,2.923,1.399
run_20260804_173454_node,node_failure,4,measured,-22.1,42,0.0,236.6,388.0,397.5,3,1.988,1.64
run_20260804_173454_node,node_failure,4,measured,-21.1,42,0.0238,137.7,356.5,387.4,3,1.157,2.589
run_20260804_173454_node,node_failure,4,measured,-20.1,42,0.0,120.9,174.0,193.1,3,1.016,1.439
run_20260804_173454_node,node_failure,4,measured,-19.1,42,0.0,114.5,172.4,179.8,3,0.962,1.506
run_20260804_173454_node,node_failure,4,measured,-18.1,42,0.0,121.8,216.7,246.4,3,1.024,1.779
run_20260804_173454_node,node_failure,4,measured,-17.1,42,0.0,111.0,170.0,190.9,3,0.933,1.532
run_20260804_173454_node,node_failure,4,measured,-16.1,42,0.0952,127.0,218.2,222.1,3,1.067,1.718
run_20260804_173454_node,node_failure,4,measured,-15.1,42,0.0,114.9,198.1,258.5,3,0.966,1.724
run_20260804_173454_node,node_failure,4,measured,-14.1,42,0.0,111.9,163.7,169.3,3,0.94,1.463
run_20260804_173454_node,node_failure,4,measured,-13.1,42,0.0238,155.4,268.5,353.3,3,1.306,1.728
run_20260804_173454_node,node_failure,4,measured,-12.1,42,0.0476,116.7,152.5,199.1,3,0.981,1.307
run_20260804_173454_node,node_failure,4,measured,-11.1,42,0.0476,159.7,280.0,302.0,3,1.342,1.753
run_20260804_173454_node,node_failure,4,measured,-10.1,42,0.0,154.0,309.8,337.2,3,1.294,2.012
run_20260804_173454_node,node_failure,4,measured,-9.1,42,0.0,118.2,195.9,255.0,3,0.993,1.657
run_20260804_173454_node,node_failure,4,measured,-8.1,42,0.0,130.1,218.4,254.1,3,1.093,1.679
run_20260804_173454_node,node_failure,4,measured,-7.1,42,0.0,115.2,170.3,216.6,3,0.968,1.478
run_20260804_173454_node,node_failure,4,measured,-6.1,42,0.0238,125.2,180.4,194.7,3,1.052,1.441
run_20260804_173454_node,node_failure,4,measured,-5.1,42,0.0,167.3,319.5,323.6,3,1.406,1.91
run_20260804_173454_node,node_failure,4,measured,-4.1,42,0.0,194.5,398.6,407.3,3,1.634,2.049
run_20260804_173454_node,node_failure,4,measured,-3.1,42,0.0,136.6,198.9,324.5,3,1.148,1.456
run_20260804_173454_node,node_failure,4,measured,-2.1,42,0.0238,137.0,319.1,473.3,3,1.151,2.329
run_20260804_173454_node,node_failure,4,measured,-1.1,42,0.0,175.5,290.1,332.3,3,1.475,1.653
run_20260804_173454_node,node_failure,4,measured,-0.1,42,0.0476,126.0,190.2,412.5,3,1.059,1.51
run_20260804_173454_node,node_failure,4,measured,0.9,42,0.3095,183.4,5021.7,5024.4,2,1.541,27.381
run_20260804_173454_node,node_failure,4,measured,1.9,42,0.2619,233.7,5014.1,5016.9,2,1.964,21.455
run_20260804_173454_node,node_failure,4,measured,2.9,42,0.4048,273.1,5022.8,5053.7,2,2.295,18.392
run_20260804_173454_node,node_failure,4,measured,3.9,42,0.2619,337.4,5063.9,5242.4,2,2.835,15.009
run_20260804_173454_node,node_failure,4,measured,4.9,42,0.2857,401.6,5027.4,5107.8,2,3.375,12.518
run_20260804_173454_node,node_failure,4,measured,5.9,42,0.3333,197.4,5017.4,5029.3,2,1.659,25.417
run_20260804_173454_node,node_failure,4,measured,6.9,42,0.2143,172.9,5032.9,5192.5,2,1.453,29.109
run_20260804_173454_node,node_failure,4,measured,7.9,42,0.381,161.4,5021.6,5030.0,2,1.356,31.113
run_20260804_173454_node,node_failure,4,measured,8.9,42,0.3095,149.3,5015.0,5023.3,2,1.255,33.59
run_20260804_173454_node,node_failure,4,measured,9.9,42,0.2857,127.2,5018.7,5023.0,2,1.069,39.455
run_20260804_173454_node,node_failure,4,measured,10.9,42,0.381,147.4,5022.6,5027.7,2,1.239,34.075
run_20260804_173454_node,node_failure,4,measured,11.9,42,0.381,344.7,5070.2,5091.6,2,2.897,14.709
run_20260804_173454_node,node_failure,4,measured,12.9,42,0.381,138.2,5017.7,5018.3,2,1.161,36.308
run_20260804_173454_node,node_failure,4,measured,13.9,42,0.3333,147.5,5017.6,5020.0,2,1.239,34.018
run_20260804_173454_node,node_failure,4,measured,14.9,42,0.3095,166.3,5018.6,5025.6,2,1.397,30.178
run_20260804_173454_node,node_failure,4,measured,15.9,42,0.3333,122.0,5146.7,5280.4,2,1.025,42.186
run_20260804_173454_node,node_failure,4,measured,16.9,42,0.2143,146.4,5016.3,5029.9,2,1.23,34.264
run_20260804_173454_node,node_failure,4,measured,17.9,42,0.381,250.4,5019.5,5025.2,2,2.104,20.046
run_20260804_173454_node,node_failure,4,measured,18.9,42,0.3333,160.6,5014.2,5020.1,2,1.35,31.222
run_20260804_173454_node,node_failure,4,measured,19.9,42,0.2619,121.1,5048.8,5057.2,2,1.018,41.691
run_20260804_173454_node,node_failure,4,measured,20.9,42,0.3095,246.2,5016.3,5035.3,2,2.069,20.375
run_20260804_173454_node,node_failure,4,measured,21.9,42,0.3095,141.7,5017.1,5023.3,2,1.191,35.406
run_20260804_173454_node,node_failure,4,measured,22.9,42,0.4286,126.0,5018.3,5024.7,2,1.059,39.828
run_20260804_173454_node,node_failure,4,measured,23.9,42,0.3095,147.8,5015.9,5017.0,2,1.242,33.937
run_20260804_173454_node,node_failure,4,measured,24.9,42,0.4286,152.7,5018.2,5039.8,2,1.283,32.863
run_20260804_173454_node,node_failure,4,measured,25.9,42,0.2857,114.3,5012.9,5016.3,2,0.961,43.857
run_20260804_173454_node,node_failure,4,measured,26.9,42,0.3571,138.1,5015.6,5017.4,2,1.161,36.319
run_20260804_173454_node,node_failure,4,measured,27.9,42,0.3571,154.4,5012.9,5017.3,2,1.297,32.467
run_20260804_173454_node,node_failure,4,measured,28.9,42,0.3571,113.2,5014.1,5016.3,2,0.951,44.294
run_20260804_173454_node,node_failure,4,measured,29.9,42,0.4524,128.7,5016.8,5022.4,2,1.082,38.981
run_20260804_173454_node,node_failure,4,measured,30.9,42,0.3333,137.9,5014.8,5015.5,2,1.159,36.365
run_20260804_173454_node,node_failure,4,measured,31.9,42,0.4048,146.5,5018.0,5024.6,2,1.231,34.253
run_20260804_173454_node,node_failure,4,measured,32.9,42,0.3333,141.4,5015.5,5021.7,2,1.188,35.47
run_20260804_173454_node,node_failure,4,measured,33.9,42,0.2857,117.2,5014.6,5015.2,2,0.985,42.787
run_20260804_173454_node,node_failure,4,measured,34.9,42,0.2619,148.3,5015.8,5024.4,2,1.246,33.822
run_20260804_173454_node,node_failure,4,measured,35.9,42,0.4048,156.6,5015.9,5017.8,2,1.316,32.03
run_20260804_173454_node,node_failure,4,measured,36.9,42,0.4762,142.6,5016.7,5020.9,2,1.198,35.18
run_20260804_173454_node,node_failure,4,measured,37.9,42,0.4048,118.7,5019.8,5021.6,2,0.997,42.29
run_20260804_173454_node,node_failure,4,measured,38.9,42,0.3095,124.5,5018.4,5034.7,2,1.046,40.308
run_20260804_173454_node,node_failure,4,measured,39.9,42,0.5238,5010.4,5086.4,5099.3,2,42.104,1.015
run_20260804_173454_node,node_failure,4,measured,40.9,42,0.4524,173.0,5014.2,5016.4,2,1.454,28.984
run_20260804_173454_node,node_failure,4,measured,41.9,42,0.381,158.2,5014.4,5014.8,2,1.329,31.697
run_20260804_173454_node,node_failure,4,measured,42.9,42,0.381,136.7,5013.8,5024.1,2,1.149,36.677
run_20260804_173454_node,node_failure,4,measured,43.9,42,0.3571,171.8,5019.0,5033.4,2,1.444,29.214
run_20260804_173454_node,node_failure,4,measured,44.9,42,0.1667,204.5,5054.4,5058.3,2,1.718,24.716
run_20260804_173454_node,node_failure,4,measured,45.9,42,0.0,249.3,357.6,399.6,2,2.095,1.434
run_20260804_173454_node,node_failure,4,measured,46.9,42,0.0,291.3,447.4,752.8,2,2.448,1.536
run_20260804_173454_node,node_failure,4,measured,47.9,42,0.0,361.7,549.0,569.2,2,3.039,1.518
run_20260804_173454_node,node_failure,4,measured,48.9,42,0.0,434.3,631.9,676.5,2,3.65,1.455
run_20260804_173454_node,node_failure,4,measured,49.9,42,0.0238,504.3,622.7,663.2,2,4.238,1.235
run_20260804_173454_node,node_failure,4,measured,50.9,42,0.0,568.5,777.4,787.0,2,4.777,1.367
run_20260804_173454_node,node_failure,4,measured,51.9,42,0.0,641.0,861.7,886.7,2,5.387,1.344
run_20260804_173454_node,node_failure,4,measured,52.9,42,0.0,629.9,899.2,918.2,2,5.293,1.428
run_20260804_173454_node,node_failure,4,measured,53.9,42,0.0,712.8,964.9,1662.7,2,5.99,1.354
run_20260804_173454_node,node_failure,4,measured,54.9,42,0.119,759.1,2995.0,3110.3,2,6.379,3.945
run_20260804_173454_node,node_failure,4,measured,55.9,42,0.0238,776.0,847.4,908.2,2,6.521,1.092
run_20260804_173454_node,node_failure,4,measured,56.9,42,0.0,808.7,992.0,1726.8,2,6.796,1.227
run_20260804_173454_node,node_failure,4,measured,57.9,42,0.0,888.7,1015.8,1067.5,2,7.468,1.143
run_20260804_173454_node,node_failure,4,measured,58.9,42,0.0,1073.6,1210.9,1267.4,2,9.022,1.128
run_20260804_173454_node,node_failure,4,measured,59.9,42,0.0,870.5,1353.8,1371.1,2,7.315,1.555
run_20260804_173454_node,node_failure,4,measured,60.9,42,0.0,1094.5,1179.1,1193.0,2,9.197,1.077
run_20260804_173454_node,node_failure,4,measured,61.9,42,0.0,1260.7,1584.7,1625.6,2,10.594,1.257
run_20260804_173454_node,node_failure,4,measured,62.9,42,0.0,1033.6,1676.8,1708.9,2,8.686,1.622
run_20260804_173454_node,node_failure,4,measured,63.9,42,0.0,1135.7,1699.4,1717.4,2,9.544,1.496
run_20260804_173454_node,node_failure,4,measured,64.9,42,0.0,1584.9,2005.7,2040.0,2,13.318,1.266
run_20260804_173454_node,node_failure,4,measured,65.9,42,0.2143,1749.0,2724.9,3108.2,2,14.697,1.558
run_20260804_173454_node,node_failure,4,measured,66.9,42,0.0952,1740.0,5014.6,5105.6,2,14.622,2.882
run_20260804_173454_node,node_failure,4,measured,67.9,42,0.0714,978.7,4172.1,5016.7,2,8.224,4.263
run_20260804_173454_node,node_failure,4,measured,68.9,42,0.119,1552.1,5017.0,5031.9,2,13.043,3.232
run_20260804_173454_node,node_failure,4,measured,69.9,42,0.0952,1444.3,5016.6,5041.4,2,12.137,3.473
run_20260804_173454_node,node_failure,4,measured,70.9,42,0.0952,1630.9,5011.5,5021.1,2,13.705,3.073
run_20260804_173454_node,node_failure,4,measured,71.9,42,0.1905,984.8,5018.6,5028.7,2,8.276,5.096
run_20260804_173454_node,node_failure,4,measured,72.9,42,0.0714,1339.2,5012.5,5012.8,2,11.254,3.743
run_20260804_173454_node,node_failure,4,measured,73.9,42,0.0238,1564.3,1728.2,5025.3,2,13.145,1.105
run_20260804_173454_node,node_failure,4,measured,74.9,42,0.0238,300.2,1626.0,1762.5,3,2.523,5.416
run_20260804_173454_node,node_failure,4,measured,75.9,42,0.0238,249.5,1090.6,1734.3,3,2.097,4.371
run_20260804_173454_node,node_failure,4,measured,76.9,42,0.0,138.3,877.4,902.7,3,1.162,6.344
run_20260804_173454_node,node_failure,4,measured,77.9,42,0.0,140.7,649.7,865.0,3,1.182,4.618
run_20260804_173454_node,node_failure,4,measured,78.9,42,0.0,136.6,415.5,430.6,3,1.148,3.042
run_20260804_173454_node,node_failure,4,measured,79.9,42,0.0,114.4,195.0,210.4,3,0.961,1.705
run_20260804_173454_node,node_failure,4,measured,80.9,42,0.0,113.5,174.7,202.3,3,0.954,1.539
run_20260804_173454_node,node_failure,4,measured,81.9,42,0.0,112.7,195.3,215.9,3,0.947,1.733
run_20260804_173454_node,node_failure,4,measured,82.9,42,0.119,112.1,2817.7,3127.9,3,0.942,25.136
run_20260804_173454_node,node_failure,4,measured,83.9,42,0.0238,113.2,169.4,4837.6,3,0.951,1.496
run_20260804_173454_node,node_failure,4,measured,84.9,42,0.0,112.6,152.8,181.5,3,0.946,1.357
run_20260804_173454_node,node_failure,4,measured,85.9,42,0.0,119.5,191.2,204.2,3,1.004,1.6
run_20260804_173454_node,node_failure,4,measured,86.9,42,0.0,132.4,346.4,502.7,3,1.113,2.616
run_20260804_173454_node,node_failure,4,measured,87.9,42,0.0714,976.7,1506.9,1540.6,3,8.208,1.543
run_20260804_173454_node,node_failure,4,measured,88.9,42,0.2143,1120.7,3562.1,4131.8,3,9.418,3.178
run_20260804_173454_node,node_failure,4,measured,89.9,42,0.1905,613.5,986.5,5949.1,3,5.155,1.608
run_20260804_173454_node,node_failure,4,measured,90.9,39,0.1538,490.2,4662.0,5128.4,3,4.119,9.51
run_20260804_173454_node,node_failure,4,measured,91.9,45,0.0889,597.5,5017.7,5462.1,3,5.021,8.398
run_20260804_173454_node,node_failure,4,measured,92.9,42,0.1667,1348.6,2345.1,5766.8,3,11.333,1.739
run_20260804_173454_node,node_failure,4,measured,93.9,42,0.1429,1991.3,2165.3,2722.4,3,16.734,1.087
run_20260804_173454_node,node_failure,4,measured,94.9,42,0.1429,1580.1,2141.2,2155.4,3,13.278,1.355
run_20260804_173454_node,node_failure,4,measured,95.9,42,0.1667,1012.5,1607.1,2720.3,3,8.508,1.587
run_20260804_173454_node,node_failure,4,measured,96.9,42,0.119,748.6,1314.1,5028.1,3,6.291,1.755
run_20260804_173454_node,node_failure,4,measured,97.9,42,0.0714,602.2,5012.5,5016.6,3,5.061,8.324
run_20260804_173454_node,node_failure,4,measured,98.9,42,0.0952,145.9,3071.6,5015.2,3,1.226,21.053
run_20260804_173454_node,node_failure,4,measured,99.9,42,0.0238,180.6,619.9,5015.8,3,1.518,3.432
run_20260804_173454_node,node_failure,4,measured,100.9,42,0.0,142.5,345.4,388.7,3,1.197,2.424
run_20260804_173454_node,node_failure,4,measured,101.9,42,0.0,114.3,193.2,221.0,3,0.961,1.69
run_20260804_173454_node,node_failure,4,measured,102.9,42,0.0,121.9,177.4,181.1,3,1.024,1.455
run_20260804_173454_node,node_failure,4,measured,103.9,42,0.0,112.8,172.5,199.6,3,0.948,1.529
run_20260804_173454_node,node_failure,4,measured,104.9,42,0.119,117.3,3687.4,5009.6,3,0.986,31.436
run_20260804_173454_node,node_failure,4,measured,105.9,42,0.0476,115.5,278.7,5035.8,3,0.971,2.413
run_20260804_173454_node,node_failure,4,measured,106.9,42,0.0952,111.7,5014.7,5179.2,3,0.939,44.894
run_20260804_173454_node,node_failure,4,measured,107.9,42,0.0476,116.5,227.9,5015.6,3,0.979,1.956
run_20260804_173454_node,node_failure,4,measured,108.9,42,0.0952,115.3,5015.7,5023.0,3,0.969,43.501
run_20260804_173454_node,node_failure,4,measured,109.9,42,0.0476,110.6,168.0,5017.2,3,0.929,1.519
run_20260804_173454_node,node_failure,4,measured,110.9,42,0.0476,168.4,267.5,5014.5,3,1.415,1.588
run_20260804_173454_node,node_failure,4,measured,111.9,42,0.119,132.4,5010.9,5011.8,3,1.113,37.847
run_20260804_173454_node,node_failure,4,measured,112.9,42,0.0952,110.1,5007.6,5016.1,3,0.925,45.482
run_20260804_173454_node,node_failure,4,measured,113.9,42,0.0238,110.3,166.5,5016.5,3,0.927,1.51
run_20260804_173454_node,node_failure,4,measured,114.9,42,0.0,117.3,212.1,226.8,3,0.986,1.808
run_20260804_173454_node,node_failure,4,measured,115.9,42,0.0,109.5,173.6,211.1,3,0.92,1.585
run_20260804_173454_node,node_failure,4,measured,116.9,42,0.0,111.2,198.8,304.8,3,0.934,1.788
run_20260804_173454_node,node_failure,4,measured,117.9,42,0.0,191.8,309.8,322.8,3,1.612,1.615
run_20260804_173454_node,node_failure,4,measured,118.9,42,0.0,122.3,194.2,285.1,3,1.028,1.588
run_20260804_173454_node,node_failure,4,measured,119.9,42,0.0,116.8,220.0,247.0,3,0.982,1.884
run_20260804_173454_node,node_failure,4,measured,120.9,42,0.0,111.8,165.4,219.2,3,0.939,1.479
run_20260804_173454_node,node_failure,4,measured,121.9,42,0.0,109.3,143.5,158.4,3,0.918,1.313
run_20260804_173454_node,node_failure,4,measured,122.9,42,0.0476,110.6,178.9,3064.8,3,0.929,1.618
run_20260804_173454_node,node_failure,4,measured,123.9,42,0.0476,108.0,161.6,2541.1,3,0.908,1.496
run_20260804_173454_node,node_failure,4,measured,124.9,42,0.0,110.2,163.3,175.7,3,0.926,1.482
run_20260804_173454_node,node_failure,4,measured,125.9,42,0.0,113.0,199.0,231.2,3,0.95,1.761
run_20260804_173454_node,node_failure,4,measured,126.9,42,0.0,108.4,157.0,173.2,3,0.911,1.448
run_20260804_173454_node,node_failure,4,measured,127.9,42,0.0,113.4,178.6,215.3,3,0.953,1.575
run_20260804_173454_node,node_failure,4,measured,128.9,42,0.0,120.6,229.6,279.2,3,1.013,1.904
run_20260804_173454_node,node_failure,4,measured,129.9,42,0.0,113.2,193.2,230.1,3,0.951,1.707
run_20260804_173454_node,node_failure,4,measured,130.9,42,0.0,115.5,176.7,203.7,3,0.971,1.53
run_20260804_173454_node,node_failure,4,measured,131.9,42,0.0,112.5,147.7,173.6,3,0.945,1.313
run_20260804_173454_node,node_failure,4,measured,132.9,42,0.0952,110.5,2172.2,3079.3,3,0.929,19.658
run_20260804_173454_node,node_failure,4,measured,133.9,42,0.0714,114.6,2104.4,5012.6,3,0.963,18.363
run_20260804_173454_node,node_failure,4,measured,134.9,42,0.0,110.6,153.8,169.7,3,0.929,1.391
run_20260804_173454_node,node_failure,4,measured,135.9,42,0.0,115.7,217.8,251.5,3,0.972,1.882
run_20260804_173454_node,node_failure,4,measured,136.9,42,0.0,120.1,268.6,277.9,3,1.009,2.236
run_20260804_173454_node,node_failure,4,measured,137.9,42,0.0,136.5,281.2,312.1,3,1.147,2.06
run_20260804_173454_node,node_failure,4,measured,138.9,42,0.0,115.2,317.1,332.8,3,0.968,2.753
run_20260804_173454_node,node_failure,4,measured,139.9,42,0.0,115.2,251.2,263.0,3,0.968,2.181
run_20260804_173454_node,node_failure,4,measured,140.9,42,0.0,120.3,228.9,281.0,3,1.011,1.903
run_20260804_173454_node,node_failure,4,measured,141.9,42,0.0,119.9,219.8,249.8,3,1.008,1.833
run_20260804_173454_node,node_failure,4,measured,142.9,42,0.0,112.2,163.5,168.8,3,0.943,1.457
run_20260804_173454_node,node_failure,4,measured,143.9,42,0.0,111.2,170.5,173.1,3,0.934,1.533
run_20260804_173454_node,node_failure,4,measured,144.9,42,0.0,108.5,165.2,167.7,3,0.912,1.523
run_20260804_173454_node,node_failure,4,measured,145.9,42,0.0238,111.4,210.6,229.8,3,0.936,1.89
run_20260804_173454_node,node_failure,4,measured,146.9,42,0.0,119.7,198.9,201.6,3,1.006,1.662
run_20260804_173454_node,node_failure,4,measured,147.9,42,0.0,136.3,220.6,254.3,3,1.145,1.618
run_20260804_173454_node,node_failure,4,measured,148.9,42,0.0,116.5,312.1,338.3,3,0.979,2.679
run_20260804_173454_node,node_failure,4,measured,149.9,42,0.0,111.3,182.4,193.5,3,0.935,1.639
run_20260804_173454_node,node_failure,4,measured,150.9,42,0.0476,117.4,171.8,215.0,3,0.987,1.463
run_20260804_173454_node,node_failure,4,measured,151.9,42,0.0,132.0,211.0,239.0,3,1.109,1.598
run_20260804_173454_node,node_failure,4,measured,152.9,42,0.0,111.7,178.7,191.5,3,0.939,1.6
run_20260804_173454_node,node_failure,4,measured,153.9,42,0.0,113.1,167.7,173.9,3,0.95,1.483
run_20260804_173454_node,node_failure,4,measured,154.9,42,0.0,117.3,181.3,236.9,3,0.986,1.546
run_20260804_173454_node,node_failure,4,measured,155.9,42,0.0,150.7,377.9,396.7,3,1.266,2.508
run_20260804_173454_node,node_failure,4,measured,156.9,42,0.0238,213.6,345.9,382.9,3,1.795,1.619
run_20260804_173454_node,node_failure,4,measured,157.9,42,0.0,123.5,280.5,308.7,3,1.038,2.271
run_20260804_173454_node,node_failure,4,measured,158.9,42,0.0,114.0,196.7,236.5,3,0.958,1.725
run_20260804_173454_node,node_failure,4,measured,159.9,42,0.0,116.0,219.8,227.8,3,0.975,1.895
run_20260804_173454_node,node_failure,4,measured,160.9,42,0.0,125.3,205.5,242.7,3,1.053,1.64
run_20260804_173454_node,node_failure,4,measured,161.9,42,0.0,110.3,170.1,223.4,3,0.927,1.542
run_20260804_173454_node,node_failure,4,measured,162.9,42,0.0,121.7,185.4,220.7,3,1.023,1.523
run_20260804_173454_node,node_failure,4,measured,163.9,42,0.0,110.2,168.0,180.1,3,0.926,1.525
run_20260804_173454_node,node_failure,4,measured,164.9,42,0.0,110.4,188.7,232.3,3,0.928,1.709
run_20260804_173454_node,node_failure,4,measured,165.9,42,0.0,108.0,173.0,200.5,3,0.908,1.602
run_20260804_173454_node,node_failure,4,measured,166.9,42,0.0,109.0,146.3,165.0,3,0.916,1.342
run_20260804_173454_node,node_failure,4,measured,167.9,42,0.0,110.6,194.3,219.3,3,0.929,1.757
run_20260804_173454_node,node_failure,4,measured,168.9,42,0.0,111.6,165.4,248.3,3,0.938,1.482
run_20260804_173454_node,node_failure,4,measured,169.9,42,0.0,111.3,158.6,170.7,3,0.935,1.425
run_20260804_173454_node,node_failure,4,measured,170.9,42,0.0,142.2,259.7,319.9,3,1.195,1.826
run_20260804_173454_node,node_failure,4,measured,171.9,42,0.0,112.5,239.8,276.7,3,0.945,2.132
run_20260804_173454_node,node_failure,4,measured,172.9,42,0.0,111.3,219.5,247.0,3,0.935,1.972
run_20260804_173454_node,node_failure,4,measured,173.9,42,0.0,115.0,193.6,228.9,3,0.966,1.683
run_20260804_173454_node,node_failure,4,measured,174.9,42,0.0,115.8,199.2,220.6,3,0.973,1.72
run_20260804_173454_node,node_failure,4,measured,175.9,42,0.0,133.9,191.9,216.3,3,1.125,1.433
run_20260804_173454_node,node_failure,4,measured,176.9,42,0.0,119.4,198.9,213.5,3,1.003,1.666
run_20260804_173454_node,node_failure,4,measured,177.9,42,0.0,111.9,171.5,224.3,3,0.94,1.533
run_20260804_173454_node,node_failure,4,measured,178.9,42,0.0,110.5,142.1,146.9,3,0.929,1.286
run_20260804_173454_node,node_failure,4,measured,179.9,42,0.0,130.3,229.2,231.8,3,1.095,1.759
run_20260804_173454_node,node_failure,4,measured,180.9,42,0.0,111.2,174.5,206.2,3,0.934,1.569
run_20260804_173454_node,node_failure,4,measured,181.9,42,0.0,111.3,174.9,199.4,3,0.935,1.571
run_20260804_173454_node,node_failure,4,measured,182.9,42,0.0,118.1,223.6,231.3,3,0.992,1.893
run_20260804_173454_node,node_failure,4,measured,183.9,42,0.0,109.7,171.7,192.0,3,0.922,1.565
run_20260804_173454_node,node_failure,4,measured,184.9,42,0.0,117.6,172.9,197.2,3,0.988,1.47
run_20260804_173454_node,node_failure,4,measured,185.9,42,0.0,110.1,168.7,173.9,3,0.925,1.532
run_20260804_173454_node,node_failure,4,measured,186.9,42,0.0,119.2,214.3,254.8,3,1.002,1.798
run_20260804_173454_node,node_failure,4,measured,187.9,42,0.0,120.1,210.4,245.1,3,1.009,1.752
run_20260804_173454_node,node_failure,4,measured,188.9,42,0.0,129.1,226.8,261.0,3,1.085,1.757
run_20260804_173454_node,node_failure,4,measured,189.9,42,0.0,135.1,250.9,284.1,3,1.135,1.857
run_20260804_173454_node,node_failure,4,measured,190.9,42,0.0,114.7,200.9,207.6,3,0.964,1.752
run_20260804_173454_node,node_failure,4,measured,191.9,42,0.0,113.5,190.7,225.4,3,0.954,1.68
run_20260804_173454_node,node_failure,4,measured,192.9,42,0.0,112.9,192.1,212.1,3,0.949,1.702
run_20260804_173454_node,node_failure,4,measured,193.9,42,0.0,109.8,231.5,242.7,3,0.923,2.108
run_20260804_173454_node,node_failure,4,measured,194.9,42,0.0,112.5,161.5,178.5,3,0.945,1.436
run_20260804_173454_node,node_failure,4,measured,195.9,42,0.0,160.8,283.6,339.2,3,1.351,1.764
run_20260804_173454_node,node_failure,4,measured,196.9,42,0.0,117.6,218.0,272.3,3,0.988,1.854
run_20260804_173454_node,node_failure,4,measured,197.9,42,0.0,118.2,283.1,286.9,3,0.993,2.395
run_20260804_173454_node,node_failure,4,measured,198.9,42,0.0,123.7,223.5,252.2,3,1.039,1.807
run_20260804_173454_node,node_failure,4,measured,199.9,42,0.0,110.4,166.4,221.1,3,0.928,1.507
run_20260804_173454_node,node_failure,4,measured,200.9,42,0.0,136.4,245.4,250.3,3,1.146,1.799
run_20260804_173454_node,node_failure,4,measured,201.9,42,0.0,141.4,206.1,261.2,3,1.188,1.458
run_20260804_173454_node,node_failure,4,measured,202.9,42,0.0,120.0,188.0,237.1,3,1.008,1.567
run_20260804_173454_node,node_failure,4,measured,203.9,42,0.0,115.3,164.5,169.9,3,0.969,1.427
run_20260804_173454_node,node_failure,4,measured,204.9,42,0.0,119.2,205.6,219.9,3,1.002,1.725
run_20260804_173454_node,node_failure,4,measured,205.9,42,0.0238,110.0,168.1,176.0,3,0.924,1.528
run_20260804_173454_node,node_failure,4,measured,206.9,42,0.0,111.8,160.1,190.0,3,0.939,1.432
run_20260804_173454_node,node_failure,4,measured,207.9,42,0.0,110.2,160.6,172.4,3,0.926,1.457
run_20260804_173454_node,node_failure,4,measured,208.9,42,0.0,238.9,636.5,688.1,3,2.008,2.664
run_20260804_173454_node,node_failure,4,measured,209.9,42,0.0238,161.8,463.5,496.6,3,1.36,2.865
run_20260804_173454_node,node_failure,4,measured,210.9,42,0.0,142.2,288.4,303.2,3,1.195,2.028
run_20260804_173454_node,node_failure,4,measured,211.9,42,0.0476,156.3,342.4,392.8,3,1.313,2.191
run_20260804_173454_node,node_failure,4,measured,212.9,42,0.0476,208.0,393.8,419.5,3,1.748,1.893
run_20260804_173454_node,node_failure,4,measured,213.9,42,0.0,139.5,228.0,240.9,3,1.172,1.634
run_20260804_173454_node,node_failure,4,measured,214.9,42,0.0,115.7,270.3,385.2,3,0.972,2.336
run_20260804_173454_node,node_failure,4,measured,215.9,42,0.0952,314.8,440.8,449.5,3,2.645,1.4
run_20260804_173454_node,node_failure,4,measured,216.9,42,0.0238,132.0,213.7,270.2,3,1.109,1.619
run_20260804_173454_node,node_failure,4,measured,217.9,42,0.0,140.5,246.3,258.7,3,1.181,1.753
run_20260804_173454_node,node_failure,4,measured,218.9,42,0.0,115.9,231.1,250.3,3,0.974,1.994
run_20260804_173454_node,node_failure,4,measured,219.9,42,0.0,137.0,305.2,341.4,3,1.151,2.228
run_20260804_173454_node,node_failure,4,measured,220.9,42,0.0,113.8,250.2,257.2,3,0.956,2.199
run_20260804_173454_node,node_failure,4,measured,221.9,42,0.0,109.2,219.3,235.5,3,0.918,2.008
run_20260804_173454_node,node_failure,4,measured,222.9,42,0.0,140.7,202.6,229.4,3,1.182,1.44
run_20260804_173454_node,node_failure,4,measured,223.9,42,0.0,111.2,203.9,224.8,3,0.934,1.834
run_20260804_173454_node,node_failure,4,measured,224.9,42,0.0,111.1,193.2,220.8,3,0.934,1.739
run_20260804_173454_node,node_failure,4,measured,225.9,42,0.0,119.4,207.2,226.9,3,1.003,1.735
run_20260804_173454_node,node_failure,4,measured,226.9,42,0.0,123.7,216.9,240.8,3,1.039,1.753
run_20260804_173454_node,node_failure,4,measured,227.9,42,0.0,111.3,165.7,190.8,3,0.935,1.489
run_20260804_173454_node,node_failure,4,measured,228.9,42,0.0,109.7,163.2,166.6,3,0.922,1.488
run_20260804_173454_node,node_failure,4,measured,229.9,42,0.0,121.9,222.1,254.7,3,1.024,1.822
run_20260804_173454_node,node_failure,4,measured,230.9,42,0.0,111.7,163.2,169.9,3,0.939,1.461
run_20260804_173454_node,node_failure,4,measured,231.9,42,0.0,131.6,219.7,253.0,3,1.106,1.669
run_20260804_173454_node,node_failure,4,measured,232.9,42,0.0,115.7,264.8,291.0,3,0.972,2.289
run_20260804_173454_node,node_failure,4,measured,233.9,42,0.0,229.7,414.6,425.0,3,1.93,1.805
run_20260804_173454_node,node_failure,4,measured,234.9,42,0.0,116.2,276.2,352.2,3,0.976,2.377
run_20260804_173454_node,node_failure,4,measured,235.9,42,0.0,120.6,204.0,239.5,3,1.013,1.692
run_20260804_173454_node,node_failure,4,measured,236.9,42,0.0,115.9,179.2,209.6,3,0.974,1.546
run_20260804_173454_node,node_failure,4,measured,237.9,42,0.0,119.9,234.3,260.4,3,1.008,1.954
run_20260804_173454_node,node_failure,4,measured,238.9,12,0.0,111.5,193.3,229.4,3,0.937,1.734
run_20260806_181612_node,node_failure,4,measured,-61.2,11,0.0,118.9,134.6,134.6,3,1.038,1.132
run_20260806_181612_node,node_failure,4,measured,-60.2,42,0.0,113.9,221.3,230.3,3,0.995,1.943
run_20260806_181612_node,node_failure,4,measured,-59.2,42,0.0,166.5,340.2,401.7,3,1.454,2.043
run_20260806_181612_node,node_failure,4,measured,-58.2,42,0.0476,164.1,233.8,252.1,3,1.433,1.425
run_20260806_181612_node,node_failure,4,measured,-57.2,42,0.0,115.3,227.9,258.8,3,1.007,1.977
run_20260806_181612_node,node_failure,4,measured,-56.2,42,0.0,110.8,158.8,173.6,3,0.968,1.433
run_20260806_181612_node,node_failure,4,measured,-55.2,42,0.0,135.6,244.4,300.7,3,1.184,1.802
run_20260806_181612_node,node_failure,4,measured,-54.2,42,0.0,114.5,226.2,256.0,3,1.0,1.976
run_20260806_181612_node,node_failure,4,measured,-53.2,42,0.0,114.9,219.4,230.7,3,1.003,1.909
run_20260806_181612_node,node_failure,4,measured,-52.2,42,0.0,111.3,173.2,208.8,3,0.972,1.556
run_20260806_181612_node,node_failure,4,measured,-51.2,42,0.0,123.2,174.9,200.4,3,1.076,1.42
run_20260806_181612_node,node_failure,4,measured,-50.2,42,0.0,121.1,170.2,201.7,3,1.058,1.405
run_20260806_181612_node,node_failure,4,measured,-49.2,42,0.0,123.3,193.9,200.7,3,1.077,1.573
run_20260806_181612_node,node_failure,4,measured,-48.2,42,0.0,113.8,247.3,264.8,3,0.994,2.173
run_20260806_181612_node,node_failure,4,measured,-47.2,42,0.0,163.6,287.9,307.3,3,1.429,1.76
run_20260806_181612_node,node_failure,4,measured,-46.2,42,0.0,120.8,242.6,350.4,3,1.055,2.008
run_20260806_181612_node,node_failure,4,measured,-45.2,42,0.0,112.2,156.6,176.1,3,0.98,1.396
run_20260806_181612_node,node_failure,4,measured,-44.2,42,0.0,112.0,173.1,210.9,3,0.978,1.546
run_20260806_181612_node,node_failure,4,measured,-43.2,42,0.0,113.8,199.7,238.1,3,0.994,1.755
run_20260806_181612_node,node_failure,4,measured,-42.2,42,0.0,110.8,165.4,217.9,3,0.968,1.493
run_20260806_181612_node,node_failure,4,measured,-41.2,42,0.0,114.1,229.4,251.9,3,0.997,2.011
run_20260806_181612_node,node_failure,4,measured,-40.2,42,0.0,113.0,165.7,194.4,3,0.987,1.466
run_20260806_181612_node,node_failure,4,measured,-39.2,42,0.0,108.7,155.7,160.1,3,0.949,1.432
run_20260806_181612_node,node_failure,4,measured,-38.2,42,0.0,139.2,227.8,247.4,3,1.216,1.636
run_20260806_181612_node,node_failure,4,measured,-37.2,42,0.0,110.6,173.9,211.9,3,0.966,1.572
run_20260806_181612_node,node_failure,4,measured,-36.2,42,0.0,113.1,223.3,269.5,3,0.988,1.974
run_20260806_181612_node,node_failure,4,measured,-35.2,42,0.0,112.3,191.5,197.6,3,0.981,1.705
run_20260806_181612_node,node_failure,4,measured,-34.2,42,0.0,129.6,248.7,270.1,3,1.132,1.919
run_20260806_181612_node,node_failure,4,measured,-33.2,42,0.0,114.6,201.1,231.7,3,1.001,1.755
run_20260806_181612_node,node_failure,4,measured,-32.2,42,0.0,138.7,253.6,320.2,3,1.211,1.828
run_20260806_181612_node,node_failure,4,measured,-31.2,42,0.0,112.9,195.0,257.8,3,0.986,1.727
run_20260806_181612_node,node_failure,4,measured,-30.2,42,0.0,114.5,204.1,255.3,3,1.0,1.783
run_20260806_181612_node,node_failure,4,measured,-29.2,42,0.0,114.5,186.7,204.2,3,1.0,1.631
run_20260806_181612_node,node_failure,4,measured,-28.2,42,0.0,122.0,186.0,215.4,3,1.066,1.525
run_20260806_181612_node,node_failure,4,measured,-27.2,42,0.0,113.4,197.1,220.9,3,0.99,1.738
run_20260806_181612_node,node_failure,4,measured,-26.2,42,0.0238,131.5,211.4,280.2,3,1.148,1.608
run_20260806_181612_node,node_failure,4,measured,-25.2,42,0.0,114.6,200.4,256.6,3,1.001,1.749
run_20260806_181612_node,node_failure,4,measured,-24.2,42,0.0,112.1,213.4,253.9,3,0.979,1.904
run_20260806_181612_node,node_failure,4,measured,-23.2,42,0.0,113.0,222.7,252.3,3,0.987,1.971
run_20260806_181612_node,node_failure,4,measured,-22.2,42,0.0,114.4,150.1,166.2,3,0.999,1.312
run_20260806_181612_node,node_failure,4,measured,-21.2,42,0.0,125.3,292.1,323.2,3,1.094,2.331
run_20260806_181612_node,node_failure,4,measured,-20.2,42,0.0,137.5,318.8,330.1,3,1.201,2.319
run_20260806_181612_node,node_failure,4,measured,-19.2,42,0.0,115.9,312.1,361.7,3,1.012,2.693
run_20260806_181612_node,node_failure,4,measured,-18.2,42,0.0,160.8,287.8,292.2,3,1.404,1.79
run_20260806_181612_node,node_failure,4,measured,-17.2,42,0.0,163.7,309.1,328.9,3,1.43,1.888
run_20260806_181612_node,node_failure,4,measured,-16.2,42,0.0238,130.4,220.2,234.8,3,1.139,1.689
run_20260806_181612_node,node_failure,4,measured,-15.2,42,0.0,110.2,161.9,204.8,3,0.962,1.469
run_20260806_181612_node,node_failure,4,measured,-14.2,42,0.0,112.3,169.8,182.6,3,0.981,1.512
run_20260806_181612_node,node_failure,4,measured,-13.2,42,0.0,112.7,171.7,196.0,3,0.984,1.524
run_20260806_181612_node,node_failure,4,measured,-12.2,42,0.0,111.4,181.0,206.9,3,0.973,1.625
run_20260806_181612_node,node_failure,4,measured,-11.2,42,0.0,110.0,189.9,235.8,3,0.961,1.726
run_20260806_181612_node,node_failure,4,measured,-10.2,42,0.0,145.1,260.1,292.0,3,1.267,1.793
run_20260806_181612_node,node_failure,4,measured,-9.2,42,0.0,156.3,246.6,270.6,3,1.365,1.578
run_20260806_181612_node,node_failure,4,measured,-8.2,42,0.0,114.1,178.1,210.4,3,0.997,1.561
run_20260806_181612_node,node_failure,4,measured,-7.2,42,0.0,117.6,182.9,222.2,3,1.027,1.555
run_20260806_181612_node,node_failure,4,measured,-6.2,42,0.0,111.0,146.5,171.0,3,0.969,1.32
run_20260806_181612_node,node_failure,4,measured,-5.2,42,0.0,115.9,197.6,230.2,3,1.012,1.705
run_20260806_181612_node,node_failure,4,measured,-4.2,42,0.0,115.7,192.7,220.6,3,1.01,1.666
run_20260806_181612_node,node_failure,4,measured,-3.2,42,0.0,117.5,203.1,212.5,3,1.026,1.729
run_20260806_181612_node,node_failure,4,measured,-2.2,42,0.0,114.3,171.9,219.2,3,0.998,1.504
run_20260806_181612_node,node_failure,4,measured,-1.2,42,0.0,111.2,148.8,185.9,3,0.971,1.338
run_20260806_181612_node,node_failure,4,measured,-0.2,42,0.0238,107.2,165.6,241.3,3,0.936,1.545
run_20260806_181612_node,node_failure,4,measured,0.8,42,0.2619,123.2,194.8,216.1,2,1.076,1.581
run_20260806_181612_node,node_failure,4,measured,1.8,42,0.3095,110.1,248.0,251.8,2,0.962,2.252
run_20260806_181612_node,node_failure,4,measured,2.8,42,0.381,110.4,5014.3,5016.8,2,0.964,45.419
run_20260806_181612_node,node_failure,4,measured,3.8,42,0.3571,137.1,5016.3,5024.3,2,1.197,36.589
run_20260806_181612_node,node_failure,4,measured,4.8,42,0.2619,120.6,5013.7,5018.0,2,1.053,41.573
run_20260806_181612_node,node_failure,4,measured,5.8,42,0.1905,143.3,5013.4,5018.4,2,1.252,34.985
run_20260806_181612_node,node_failure,4,measured,6.8,42,0.2857,151.1,5015.4,5026.4,2,1.32,33.193
run_20260806_181612_node,node_failure,4,measured,7.8,42,0.3571,137.9,5026.9,5092.3,2,1.204,36.453
run_20260806_181612_node,node_failure,4,measured,8.8,42,0.1667,162.4,5013.5,5016.4,2,1.418,30.871
run_20260806_181612_node,node_failure,4,measured,9.8,42,0.3571,164.9,5012.7,5015.8,2,1.44,30.398
run_20260806_181612_node,node_failure,4,measured,10.8,42,0.2619,223.1,5016.4,5019.0,2,1.948,22.485
run_20260806_181612_node,node_failure,4,measured,11.8,42,0.3095,123.3,5016.7,5018.9,2,1.077,40.687
run_20260806_181612_node,node_failure,4,measured,12.8,42,0.3095,114.2,5015.2,5020.5,2,0.997,43.916
run_20260806_181612_node,node_failure,4,measured,13.8,42,0.381,165.4,5015.1,5030.1,2,1.445,30.321
run_20260806_181612_node,node_failure,4,measured,14.8,42,0.3095,139.2,5016.6,5018.5,2,1.216,36.039
run_20260806_181612_node,node_failure,4,measured,15.8,42,0.2381,149.6,5017.3,5027.3,2,1.307,33.538
run_20260806_181612_node,node_failure,4,measured,16.8,42,0.381,160.7,5020.5,5026.1,2,1.403,31.241
run_20260806_181612_node,node_failure,4,measured,17.8,42,0.3095,117.7,5014.6,5016.7,2,1.028,42.605
run_20260806_181612_node,node_failure,4,measured,18.8,42,0.4286,136.2,5017.9,5041.0,2,1.19,36.842
run_20260806_181612_node,node_failure,4,measured,19.8,42,0.4286,149.4,5020.3,5040.9,2,1.305,33.603
run_20260806_181612_node,node_failure,4,measured,20.8,42,0.5714,5011.7,5021.1,5030.9,2,43.77,1.002
run_20260806_181612_node,node_failure,4,measured,21.8,42,0.4048,160.6,5055.8,5205.5,2,1.403,31.481
run_20260806_181612_node,node_failure,4,measured,22.8,42,0.3333,161.9,5015.5,5017.0,2,1.414,30.979
run_20260806_181612_node,node_failure,4,measured,23.8,42,0.2381,152.0,5014.4,5020.0,2,1.328,32.989
run_20260806_181612_node,node_failure,4,measured,24.8,42,0.4762,170.4,5024.2,5054.3,2,1.488,29.485
run_20260806_181612_node,node_failure,4,measured,25.8,42,0.3333,117.1,5013.5,5017.2,2,1.023,42.814
run_20260806_181612_node,node_failure,4,measured,26.8,42,0.381,191.6,5019.0,5089.4,2,1.673,26.195
run_20260806_181612_node,node_failure,4,measured,27.8,42,0.3333,161.2,5013.3,5015.4,2,1.408,31.1
run_20260806_181612_node,node_failure,4,measured,28.8,42,0.4762,161.1,5016.5,5025.2,2,1.407,31.139
run_20260806_181612_node,node_failure,4,measured,29.8,42,0.4762,136.0,5019.2,5040.8,2,1.188,36.906
run_20260806_181612_node,node_failure,4,measured,30.8,42,0.4286,163.2,5015.2,5016.8,2,1.425,30.73
run_20260806_181612_node,node_failure,4,measured,31.8,42,0.2619,169.1,5015.8,5022.2,2,1.477,29.662
run_20260806_181612_node,node_failure,4,measured,32.8,42,0.4524,164.5,5015.0,5016.1,2,1.437,30.486
run_20260806_181612_node,node_failure,4,measured,33.8,42,0.2857,123.5,5014.3,5019.1,2,1.079,40.602
run_20260806_181612_node,node_failure,4,measured,34.8,42,0.3095,119.4,5015.4,5028.2,2,1.043,42.005
run_20260806_181612_node,node_failure,4,measured,35.8,42,0.3095,148.1,5014.4,5016.7,2,1.293,33.858
run_20260806_181612_node,node_failure,4,measured,36.8,42,0.4286,138.0,5018.8,5029.5,2,1.205,36.368
run_20260806_181612_node,node_failure,4,measured,37.8,42,0.3333,144.8,5015.0,5017.5,2,1.265,34.634
run_20260806_181612_node,node_failure,4,measured,38.8,31,0.4839,195.5,5016.3,5019.5,2,1.707,25.659
run_20260810_204615_node,node_failure,4,measured,-62.0,8,0.0,111.1,136.2,136.2,3,0.959,1.226
run_20260810_204615_node,node_failure,4,measured,-61.0,42,0.0,143.4,238.8,267.0,3,1.237,1.665
run_20260810_204615_node,node_failure,4,measured,-60.0,42,0.0,120.3,207.9,237.8,3,1.038,1.728
run_20260810_204615_node,node_failure,4,measured,-59.0,42,0.0,118.2,299.0,355.4,3,1.02,2.53
run_20260810_204615_node,node_failure,4,measured,-58.0,42,0.0238,137.7,229.6,238.2,3,1.188,1.667
run_20260810_204615_node,node_failure,4,measured,-57.0,42,0.0,119.9,217.0,295.4,3,1.035,1.81
run_20260810_204615_node,node_failure,4,measured,-56.0,42,0.0,109.1,163.4,199.5,3,0.941,1.498
run_20260810_204615_node,node_failure,4,measured,-55.0,42,0.0,114.5,221.6,235.2,3,0.988,1.935
run_20260810_204615_node,node_failure,4,measured,-54.0,42,0.0,133.0,246.7,260.4,3,1.148,1.855
run_20260810_204615_node,node_failure,4,measured,-53.0,42,0.0,110.8,166.2,168.6,3,0.956,1.5
run_20260810_204615_node,node_failure,4,measured,-52.0,42,0.0,111.4,168.7,215.5,3,0.961,1.514
run_20260810_204615_node,node_failure,4,measured,-51.0,42,0.0,110.8,192.6,242.9,3,0.956,1.738
run_20260810_204615_node,node_failure,4,measured,-50.0,42,0.0,113.4,182.0,228.1,3,0.978,1.605
run_20260810_204615_node,node_failure,4,measured,-49.0,42,0.0,114.6,174.3,182.1,3,0.989,1.521
run_20260810_204615_node,node_failure,4,measured,-48.0,42,0.0,110.2,175.8,212.0,3,0.951,1.595
run_20260810_204615_node,node_failure,4,measured,-47.0,42,0.0,153.6,340.5,357.4,3,1.325,2.217
run_20260810_204615_node,node_failure,4,measured,-46.0,42,0.0,113.5,279.7,352.7,3,0.979,2.464
run_20260810_204615_node,node_failure,4,measured,-45.0,42,0.0,118.3,201.2,213.6,3,1.021,1.701
run_20260810_204615_node,node_failure,4,measured,-44.0,42,0.0,112.7,150.6,173.0,3,0.972,1.336
run_20260810_204615_node,node_failure,4,measured,-43.0,42,0.0,111.1,178.3,214.0,3,0.959,1.605
run_20260810_204615_node,node_failure,4,measured,-42.0,42,0.0,111.3,186.1,217.1,3,0.96,1.672
run_20260810_204615_node,node_failure,4,measured,-41.0,42,0.0,112.5,163.5,216.6,3,0.971,1.453
run_20260810_204615_node,node_failure,4,measured,-40.0,42,0.0,113.6,172.1,209.3,3,0.98,1.515
run_20260810_204615_node,node_failure,4,measured,-39.0,42,0.0,115.7,204.2,264.5,3,0.998,1.765
run_20260810_204615_node,node_failure,4,measured,-38.0,42,0.0,142.8,249.9,397.3,3,1.232,1.75
run_20260810_204615_node,node_failure,4,measured,-37.0,42,0.0,112.5,259.4,294.9,3,0.971,2.306
run_20260810_204615_node,node_failure,4,measured,-36.0,42,0.0,116.7,222.1,276.1,3,1.007,1.903
run_20260810_204615_node,node_failure,4,measured,-35.0,42,0.0,113.2,151.9,172.4,3,0.977,1.342
run_20260810_204615_node,node_failure,4,measured,-34.0,42,0.0,115.9,200.7,290.0,3,1.0,1.732
run_20260810_204615_node,node_failure,4,measured,-33.0,42,0.0,119.3,177.6,195.4,3,1.029,1.489
run_20260810_204615_node,node_failure,4,measured,-32.0,42,0.0,117.2,175.9,231.0,3,1.011,1.501
run_20260810_204615_node,node_failure,4,measured,-31.0,42,0.0,121.6,191.4,203.6,3,1.049,1.574
run_20260810_204615_node,node_failure,4,measured,-30.0,42,0.0,115.9,202.5,219.5,3,1.0,1.747
run_20260810_204615_node,node_failure,4,measured,-29.0,42,0.0,112.7,195.0,252.1,3,0.972,1.73
run_20260810_204615_node,node_failure,4,measured,-28.0,42,0.0,119.5,242.1,258.8,3,1.031,2.026
run_20260810_204615_node,node_failure,4,measured,-27.0,42,0.0,110.6,164.3,171.1,3,0.954,1.486
run_20260810_204615_node,node_failure,4,measured,-26.0,42,0.0,115.9,181.6,201.3,3,1.0,1.567
run_20260810_204615_node,node_failure,4,measured,-25.0,42,0.0,133.3,226.0,251.5,3,1.15,1.695
run_20260810_204615_node,node_failure,4,measured,-24.0,42,0.0,109.7,168.2,187.0,3,0.947,1.533
run_20260810_204615_node,node_failure,4,measured,-23.0,42,0.0,114.6,202.8,214.7,3,0.989,1.77
run_20260810_204615_node,node_failure,4,measured,-22.0,42,0.0238,141.3,367.6,419.6,3,1.219,2.602
run_20260810_204615_node,node_failure,4,measured,-21.0,42,0.0,115.8,436.6,444.0,3,0.999,3.77
run_20260810_204615_node,node_failure,4,measured,-20.0,42,0.0,114.9,173.4,198.0,3,0.991,1.509
run_20260810_204615_node,node_failure,4,measured,-19.0,42,0.0,160.5,288.7,295.9,3,1.385,1.799
run_20260810_204615_node,node_failure,4,measured,-18.0,42,0.0,167.1,309.5,324.6,3,1.442,1.852
run_20260810_204615_node,node_failure,4,measured,-17.0,42,0.0,152.7,248.3,256.2,3,1.318,1.626
run_20260810_204615_node,node_failure,4,measured,-16.0,42,0.0,112.4,174.3,202.4,3,0.97,1.551
run_20260810_204615_node,node_failure,4,measured,-15.0,42,0.0,110.2,219.0,272.6,3,0.951,1.987
run_20260810_204615_node,node_failure,4,measured,-14.0,42,0.0,113.2,284.1,321.6,3,0.977,2.51
run_20260810_204615_node,node_failure,4,measured,-13.0,42,0.0,143.2,209.1,231.2,3,1.236,1.46
run_20260810_204615_node,node_failure,4,measured,-12.0,42,0.0238,117.9,287.8,319.6,3,1.017,2.441
run_20260810_204615_node,node_failure,4,measured,-11.0,42,0.0476,119.3,327.0,347.4,3,1.029,2.741
run_20260810_204615_node,node_failure,4,measured,-10.0,42,0.0,117.0,255.6,269.3,3,1.009,2.185
run_20260810_204615_node,node_failure,4,measured,-9.0,42,0.0,159.3,305.6,342.7,3,1.374,1.918
run_20260810_204615_node,node_failure,4,measured,-8.0,42,0.0,114.9,260.5,279.9,3,0.991,2.267
run_20260810_204615_node,node_failure,4,measured,-7.0,42,0.0,116.2,260.7,297.3,3,1.003,2.244
run_20260810_204615_node,node_failure,4,measured,-6.0,42,0.0,148.9,288.6,353.1,3,1.285,1.938
run_20260810_204615_node,node_failure,4,measured,-5.0,42,0.0,155.9,241.2,263.5,3,1.345,1.547
run_20260810_204615_node,node_failure,4,measured,-4.0,42,0.0,110.8,163.9,182.4,3,0.956,1.479
run_20260810_204615_node,node_failure,4,measured,-3.0,42,0.0,107.6,170.3,173.1,3,0.928,1.583
run_20260810_204615_node,node_failure,4,measured,-2.0,42,0.0,145.0,264.7,300.1,3,1.251,1.826
run_20260810_204615_node,node_failure,4,measured,-1.0,42,0.0,124.2,245.3,283.0,3,1.072,1.975
run_20260810_204615_node,node_failure,4,measured,-0.0,42,0.1429,120.1,251.7,5014.6,3,1.036,2.096
run_20260810_204615_node,node_failure,4,measured,1.0,42,0.2143,138.6,5015.2,5018.3,2,1.196,36.185
run_20260810_204615_node,node_failure,4,measured,2.0,42,0.4048,118.1,5016.8,5022.6,2,1.019,42.479
run_20260810_204615_node,node_failure,4,measured,3.0,42,0.5,147.3,5017.5,5020.3,2,1.271,34.063
run_20260810_204615_node,node_failure,4,measured,4.0,42,0.4524,126.7,5016.5,5023.4,2,1.093,39.594
run_20260810_204615_node,node_failure,4,measured,5.0,42,0.1905,125.9,5016.5,5017.7,2,1.086,39.845
run_20260810_204615_node,node_failure,4,measured,6.0,42,0.3095,148.3,5016.5,5025.9,2,1.28,33.827
run_20260810_204615_node,node_failure,4,measured,7.0,42,0.5,166.9,5019.3,5028.1,2,1.44,30.074
run_20260810_204615_node,node_failure,4,measured,8.0,42,0.4048,123.8,5016.7,5021.2,2,1.068,40.523
run_20260810_204615_node,node_failure,4,measured,9.0,42,0.2857,144.4,5017.3,5027.3,2,1.246,34.746
run_20260810_204615_node,node_failure,4,measured,10.0,42,0.3095,124.4,5019.3,5022.1,2,1.073,40.348
run_20260810_204615_node,node_failure,4,measured,11.0,42,0.3333,126.3,5017.5,5022.9,2,1.09,39.727
run_20260810_204615_node,node_failure,4,measured,12.0,42,0.4524,175.2,5018.7,5021.1,2,1.512,28.646
run_20260810_204615_node,node_failure,4,measured,13.0,42,0.2619,166.6,5017.4,5020.1,2,1.437,30.116
run_20260810_204615_node,node_failure,4,measured,14.0,42,0.3571,146.9,5016.4,5020.2,2,1.267,34.148
run_20260810_204615_node,node_failure,4,measured,15.0,42,0.3095,164.8,5016.4,5026.3,2,1.422,30.439
run_20260810_204615_node,node_failure,4,measured,16.0,42,0.3095,174.5,5020.5,5039.4,2,1.506,28.771
run_20260810_204615_node,node_failure,4,measured,17.0,42,0.1905,164.3,5014.0,5015.5,2,1.418,30.517
run_20260810_204615_node,node_failure,4,measured,18.0,42,0.3333,176.9,5016.1,5021.2,2,1.526,28.356
run_20260810_204615_node,node_failure,4,measured,19.0,42,0.2381,174.9,5016.5,5046.1,2,1.509,28.682
run_20260810_204615_node,node_failure,4,measured,20.0,42,0.2619,138.1,5015.8,5017.9,2,1.192,36.32
run_20260810_204615_node,node_failure,4,measured,21.0,42,0.5,168.5,5017.5,5022.7,2,1.454,29.777
run_20260810_204615_node,node_failure,4,measured,22.0,42,0.4286,136.5,5016.2,5042.1,2,1.178,36.749
run_20260810_204615_node,node_failure,4,measured,23.0,42,0.3095,149.7,5016.6,5019.2,2,1.292,33.511
run_20260810_204615_node,node_failure,4,measured,24.0,42,0.381,159.3,5016.3,5026.9,2,1.374,31.49
run_20260810_204615_node,node_failure,4,measured,25.0,42,0.2381,118.1,5014.3,5026.0,2,1.019,42.458
run_20260810_204615_node,node_failure,4,measured,26.0,42,0.3571,163.0,5015.9,5017.5,2,1.406,30.772
run_20260810_204615_node,node_failure,4,measured,27.0,42,0.4762,182.4,5019.4,5031.0,2,1.574,27.519
run_20260810_204615_node,node_failure,4,measured,28.0,42,0.2381,134.5,5013.1,5014.6,2,1.16,37.272
run_20260810_204615_node,node_failure,4,measured,29.0,42,0.2857,140.3,5016.3,5018.4,2,1.211,35.754
run_20260810_204615_node,node_failure,4,measured,30.0,42,0.4762,203.3,5017.9,5037.1,2,1.754,24.682
run_20260810_204615_node,node_failure,4,measured,31.0,42,0.3333,142.8,5076.1,5157.6,2,1.232,35.547
run_20260810_204615_node,node_failure,4,measured,32.0,42,0.3095,332.0,5018.2,5044.7,2,2.865,15.115
run_20260810_204615_node,node_failure,4,measured,33.0,42,0.3571,421.4,5017.8,5023.2,2,3.636,11.907
run_20260810_204615_node,node_failure,4,measured,34.0,42,0.2381,245.0,5016.0,5023.2,2,2.114,20.473
run_20260810_204615_node,node_failure,4,measured,35.0,42,0.2857,184.8,5017.6,5046.7,2,1.594,27.152
run_20260810_204615_node,node_failure,4,measured,36.0,42,0.2857,199.6,5016.0,5022.5,2,1.722,25.13
run_20260810_204615_node,node_failure,4,measured,37.0,42,0.2619,133.9,5013.0,5021.2,2,1.155,37.438
run_20260810_204615_node,node_failure,4,measured,38.0,42,0.381,117.7,5017.6,5017.8,2,1.016,42.63
run_20260810_204615_node,node_failure,4,measured,39.0,42,0.4048,123.2,5016.5,5018.5,2,1.063,40.718
run_20260810_204615_node,node_failure,4,measured,40.0,42,0.2857,136.8,5015.6,5022.1,2,1.18,36.664
run_20260810_204615_node,node_failure,4,measured,41.0,42,0.4762,141.0,5016.6,5017.4,2,1.217,35.579
run_20260810_204615_node,node_failure,4,measured,42.0,42,0.3571,139.4,5014.6,5020.8,2,1.203,35.973
run_20260810_204615_node,node_failure,4,measured,43.0,42,0.2381,156.4,5015.6,5018.7,2,1.349,32.069
run_20260810_204615_node,node_failure,4,measured,44.0,42,0.2381,164.6,5016.0,5052.5,2,1.42,30.474
run_20260810_204615_node,node_failure,4,measured,45.0,42,0.3095,139.8,5020.3,5035.3,2,1.206,35.911
run_20260810_204615_node,node_failure,4,measured,46.0,42,0.381,142.5,5015.7,5027.7,2,1.23,35.198
run_20260810_204615_node,node_failure,4,measured,47.0,42,0.4286,125.8,5015.1,5018.6,2,1.085,39.866
run_20260810_204615_node,node_failure,4,measured,48.0,42,0.2381,139.9,5017.4,5019.0,2,1.207,35.864
run_20260810_204615_node,node_failure,4,measured,49.0,42,0.2619,172.8,5017.3,5060.1,2,1.491,29.035
run_20260810_204615_node,node_failure,4,measured,50.0,42,0.0952,187.6,5010.9,5016.9,2,1.619,26.711
run_20260810_204615_node,node_failure,4,measured,51.0,42,0.1429,154.8,5012.6,5025.2,2,1.336,32.381
run_20260810_204615_node,node_failure,4,measured,52.0,42,0.0238,197.4,434.8,5010.9,2,1.703,2.203
run_20260810_204615_node,node_failure,4,measured,53.0,42,0.119,384.3,5008.2,5019.7,2,3.316,13.032
run_20260810_204615_node,node_failure,4,measured,54.0,42,0.0952,356.8,5011.2,5013.8,2,3.079,14.045
run_20260810_204615_node,node_failure,4,measured,55.0,42,0.119,288.3,5013.0,5013.7,2,2.487,17.388
run_20260810_204615_node,node_failure,4,measured,56.0,42,0.0952,302.7,5013.5,5014.9,2,2.612,16.563
run_20260810_204615_node,node_failure,4,measured,57.0,42,0.0238,288.1,463.8,5011.6,2,2.486,1.61
run_20260810_204615_node,node_failure,4,measured,58.0,42,0.0952,309.1,5014.4,5015.8,2,2.667,16.223
run_20260810_204615_node,node_failure,4,measured,59.0,42,0.0714,291.3,2983.9,5012.0,2,2.513,10.243
run_20260810_204615_node,node_failure,4,measured,60.0,42,0.0714,281.2,5008.0,5013.9,2,2.426,17.809
run_20260810_204615_node,node_failure,4,measured,61.0,42,0.1429,289.8,5013.5,5015.9,2,2.5,17.3
run_20260810_204615_node,node_failure,4,measured,62.0,42,0.0476,224.5,320.8,5014.8,2,1.937,1.429
run_20260810_204615_node,node_failure,4,measured,63.0,42,0.0476,315.0,478.3,5015.2,2,2.718,1.518
run_20260810_204615_node,node_failure,4,measured,64.0,42,0.0714,452.1,4116.7,5017.2,2,3.901,9.106
run_20260810_204615_node,node_failure,4,measured,65.0,42,0.0,334.9,536.5,556.7,2,2.89,1.602
run_20260810_204615_node,node_failure,4,measured,66.0,42,0.0714,293.1,2785.1,5016.6,2,2.529,9.502
run_20260810_204615_node,node_failure,4,measured,67.0,42,0.0714,352.3,4889.0,5013.4,2,3.04,13.877
run_20260810_204615_node,node_failure,4,measured,68.0,42,0.0,399.3,529.7,556.1,2,3.445,1.327
run_20260810_204615_node,node_failure,4,measured,69.0,42,0.0238,486.1,644.2,5014.1,2,4.194,1.325
run_20260810_204615_node,node_failure,4,measured,70.0,42,0.0714,693.3,5010.8,5019.8,2,5.982,7.227
run_20260810_204615_node,node_failure,4,measured,71.0,42,0.0,325.0,945.2,976.6,2,2.804,2.908
run_20260810_204615_node,node_failure,4,measured,72.0,42,0.0,610.1,692.5,711.6,2,5.264,1.135
run_20260810_204615_node,node_failure,4,measured,73.0,42,0.0,680.1,778.0,1515.8,2,5.868,1.144
run_20260810_204615_node,node_failure,4,measured,74.0,42,0.0,695.9,943.7,954.5,2,6.004,1.356
run_20260810_204615_node,node_failure,4,measured,75.0,42,0.0,843.0,1051.9,1084.9,2,7.274,1.248
run_20260810_204615_node,node_failure,4,measured,76.0,42,0.0,930.7,1115.3,2024.0,2,8.03,1.198
run_20260810_204615_node,node_failure,4,measured,77.0,42,0.0238,725.3,1119.7,3135.5,3,6.258,1.544
run_20260810_204615_node,node_failure,4,measured,78.0,42,0.1905,558.5,1175.2,2682.2,3,4.819,2.104
run_20260810_204615_node,node_failure,4,measured,79.0,42,0.0238,308.3,624.9,1660.6,3,2.66,2.027
run_20260810_204615_node,node_failure,4,measured,80.0,42,0.0238,114.2,338.5,365.3,3,0.985,2.964
run_20260810_204615_node,node_failure,4,measured,81.0,42,0.0,163.1,418.8,702.5,3,1.407,2.568
run_20260810_204615_node,node_failure,4,measured,82.0,42,0.1429,326.1,4129.6,5030.4,3,2.814,12.664
run_20260810_204615_node,node_failure,4,measured,83.0,42,0.0476,177.8,598.5,3626.2,3,1.534,3.366
run_20260810_204615_node,node_failure,4,measured,84.0,42,0.0714,231.0,608.9,5018.3,3,1.993,2.636
run_20260810_204615_node,node_failure,4,measured,85.0,42,0.0952,166.6,379.0,4122.6,3,1.437,2.275
run_20260810_204615_node,node_failure,4,measured,86.0,42,0.0476,116.1,184.8,5015.2,3,1.002,1.592
run_20260810_204615_node,node_failure,4,measured,87.0,42,0.0714,115.2,176.0,5025.6,3,0.994,1.528
run_20260810_204615_node,node_failure,4,measured,88.0,42,0.0476,114.4,242.0,5022.0,3,0.987,2.115
run_20260810_204615_node,node_failure,4,measured,89.0,42,0.0714,124.4,4009.9,5019.6,3,1.073,32.234
run_20260810_204615_node,node_failure,4,measured,90.0,42,0.0,112.5,179.9,215.4,3,0.971,1.599
run_20260810_204615_node,node_failure,4,measured,91.0,42,0.0238,113.3,165.3,220.9,3,0.978,1.459
run_20260810_204615_node,node_failure,4,measured,92.0,42,0.0952,118.1,4032.5,5017.0,3,1.019,34.145
run_20260810_204615_node,node_failure,4,measured,93.0,42,0.0476,115.5,175.3,5014.2,3,0.997,1.518
run_20260810_204615_node,node_failure,4,measured,94.0,42,0.1429,123.3,5018.8,5024.8,3,1.064,40.704
run_20260810_204615_node,node_failure,4,measured,95.0,42,0.0952,119.3,5012.7,5017.9,3,1.029,42.018
run_20260810_204615_node,node_failure,4,measured,96.0,42,0.0714,122.4,5015.3,5036.3,3,1.056,40.975
run_20260810_204615_node,node_failure,4,measured,97.0,42,0.1429,402.5,5018.2,5289.7,3,3.473,12.468
run_20260810_204615_node,node_failure,4,measured,98.0,42,0.1667,112.8,5018.2,5025.6,3,0.973,44.488
run_20260810_204615_node,node_failure,4,measured,99.0,42,0.2143,126.1,5073.8,5150.8,3,1.088,40.236
run_20260810_204615_node,node_failure,4,measured,100.0,42,0.2381,115.1,5021.9,5023.5,3,0.993,43.631
run_20260810_204615_node,node_failure,4,measured,101.0,42,0.0,116.6,160.8,167.3,3,1.006,1.379
run_20260810_204615_node,node_failure,4,measured,102.0,42,0.0952,114.0,5018.0,5029.3,3,0.984,44.018
run_20260810_204615_node,node_failure,4,measured,103.0,42,0.119,110.7,5015.4,5019.4,3,0.955,45.306
run_20260810_204615_node,node_failure,4,measured,104.0,42,0.1667,153.7,4153.0,5024.0,3,1.326,27.02
run_20260810_204615_node,node_failure,4,measured,105.0,42,0.0476,130.3,331.9,5013.4,3,1.124,2.547
run_20260810_204615_node,node_failure,4,measured,106.0,42,0.0952,205.3,453.3,5014.8,3,1.771,2.208
run_20260810_204615_node,node_failure,4,measured,107.0,42,0.119,126.0,5015.9,5026.1,3,1.087,39.809
run_20260810_204615_node,node_failure,4,measured,108.0,42,0.0476,117.9,225.8,5033.1,3,1.017,1.915
run_20260810_204615_node,node_failure,4,measured,109.0,42,0.0,110.3,202.1,223.2,3,0.952,1.832
run_20260810_204615_node,node_failure,4,measured,110.0,42,0.0714,132.5,5012.2,5016.5,3,1.143,37.828
run_20260810_204615_node,node_failure,4,measured,111.0,42,0.0476,122.5,191.9,212.3,3,1.057,1.567
run_20260810_204615_node,node_failure,4,measured,112.0,42,0.0,128.8,237.6,272.2,3,1.111,1.845
run_20260810_204615_node,node_failure,4,measured,113.0,42,0.0,112.1,169.1,180.1,3,0.967,1.508
run_20260810_204615_node,node_failure,4,measured,114.0,42,0.0,135.7,223.8,228.6,3,1.171,1.649
run_20260810_204615_node,node_failure,4,measured,115.0,42,0.0,124.7,192.1,216.3,3,1.076,1.54
run_20260810_204615_node,node_failure,4,measured,116.0,42,0.0,115.7,195.9,228.4,3,0.998,1.693
run_20260810_204615_node,node_failure,4,measured,117.0,42,0.0,111.0,242.9,302.8,3,0.958,2.188
run_20260810_204615_node,node_failure,4,measured,118.0,42,0.0,126.8,213.3,254.1,3,1.094,1.682
run_20260810_204615_node,node_failure,4,measured,119.0,42,0.0,147.7,235.8,297.8,3,1.274,1.596
run_20260810_204615_node,node_failure,4,measured,120.0,42,0.0,108.9,320.7,359.6,3,0.94,2.945
run_20260810_204615_node,node_failure,4,measured,121.0,42,0.0,146.7,288.1,299.0,3,1.266,1.964
run_20260810_204615_node,node_failure,4,measured,122.0,42,0.0,136.3,190.8,203.2,3,1.176,1.4
run_20260810_204615_node,node_failure,4,measured,123.0,42,0.0,153.7,265.1,320.3,3,1.326,1.725
run_20260810_204615_node,node_failure,4,measured,124.0,42,0.0,119.7,223.5,280.5,3,1.033,1.867
run_20260810_204615_node,node_failure,4,measured,125.0,42,0.0,119.5,174.9,223.1,3,1.031,1.464
run_20260810_204615_node,node_failure,4,measured,126.0,42,0.0,113.5,658.1,691.3,3,0.979,5.798
run_20260810_204615_node,node_failure,4,measured,127.0,42,0.0,263.8,417.3,565.1,3,2.276,1.582
run_20260810_204615_node,node_failure,4,measured,128.0,42,0.0,116.6,228.1,239.3,3,1.006,1.956
run_20260810_204615_node,node_failure,4,measured,129.0,42,0.0,111.0,194.8,218.3,3,0.958,1.755
run_20260810_204615_node,node_failure,4,measured,130.0,42,0.0,133.0,197.1,199.7,3,1.148,1.482
run_20260810_204615_node,node_failure,4,measured,131.0,42,0.0,129.4,213.4,243.5,3,1.116,1.649
run_20260810_204615_node,node_failure,4,measured,132.0,42,0.0,115.7,200.3,220.8,3,0.998,1.731
run_20260810_204615_node,node_failure,4,measured,133.0,42,0.0,111.9,182.9,235.4,3,0.965,1.634
run_20260810_204615_node,node_failure,4,measured,134.0,42,0.0,120.0,217.7,231.1,3,1.035,1.814
run_20260810_204615_node,node_failure,4,measured,135.0,42,0.0,136.0,254.4,255.7,3,1.173,1.871
run_20260810_204615_node,node_failure,4,measured,136.0,42,0.0,116.7,198.3,240.4,3,1.007,1.699
run_20260810_204615_node,node_failure,4,measured,137.0,42,0.0238,112.9,166.8,239.8,3,0.974,1.477
run_20260810_204615_node,node_failure,4,measured,138.0,42,0.0,115.2,173.6,187.8,3,0.994,1.507
run_20260810_204615_node,node_failure,4,measured,139.0,42,0.0,121.8,172.2,181.0,3,1.051,1.414
run_20260810_204615_node,node_failure,4,measured,140.0,42,0.0,111.0,164.0,185.7,3,0.958,1.477
run_20260810_204615_node,node_failure,4,measured,141.0,42,0.0952,139.0,2701.7,3130.5,3,1.199,19.437
run_20260810_204615_node,node_failure,4,measured,142.0,42,0.0238,137.7,272.5,2222.8,3,1.188,1.979
run_20260810_204615_node,node_failure,4,measured,143.0,42,0.0238,110.9,200.1,5018.4,3,0.957,1.804
run_20260810_204615_node,node_failure,4,measured,144.0,42,0.0952,115.0,2540.4,5013.5,3,0.992,22.09
run_20260810_204615_node,node_failure,4,measured,145.0,42,0.0714,113.8,4995.2,5013.9,3,0.982,43.895
run_20260810_204615_node,node_failure,4,measured,146.0,42,0.0476,109.0,151.3,5015.8,3,0.94,1.388
run_20260810_204615_node,node_failure,4,measured,147.0,42,0.0952,108.9,5013.8,5019.1,3,0.94,46.04
run_20260810_204615_node,node_failure,4,measured,148.0,42,0.0476,117.1,197.1,5013.4,3,1.01,1.683
run_20260810_204615_node,node_failure,4,measured,149.0,42,0.0,116.4,217.5,277.8,3,1.004,1.869
run_20260810_204615_node,node_failure,4,measured,150.0,42,0.0,115.7,226.4,243.6,3,0.998,1.957
run_20260810_204615_node,node_failure,4,measured,151.0,42,0.0,114.7,175.8,210.9,3,0.99,1.533
run_20260810_204615_node,node_failure,4,measured,152.0,42,0.0,135.7,300.3,353.2,3,1.171,2.213
run_20260810_204615_node,node_failure,4,measured,153.0,42,0.0,160.1,305.1,342.8,3,1.381,1.906
run_20260810_204615_node,node_failure,4,measured,154.0,42,0.0238,117.8,242.1,261.1,3,1.016,2.055
run_20260810_204615_node,node_failure,4,measured,155.0,42,0.0,113.8,176.2,210.2,3,0.982,1.548
run_20260810_204615_node,node_failure,4,measured,156.0,42,0.0,121.9,175.9,227.8,3,1.052,1.443
run_20260810_204615_node,node_failure,4,measured,157.0,42,0.0,116.1,195.9,209.6,3,1.002,1.687
run_20260810_204615_node,node_failure,4,measured,158.0,42,0.0238,129.0,213.4,221.3,3,1.113,1.654
run_20260810_204615_node,node_failure,4,measured,159.0,42,0.0,116.7,199.8,223.6,3,1.007,1.712
run_20260810_204615_node,node_failure,4,measured,160.0,42,0.0,113.6,166.1,191.6,3,0.98,1.462
run_20260810_204615_node,node_failure,4,measured,161.0,42,0.0,131.4,215.8,230.0,3,1.134,1.642
run_20260810_204615_node,node_failure,4,measured,162.0,42,0.0,122.6,224.7,257.9,3,1.058,1.833
run_20260810_204615_node,node_failure,4,measured,163.0,42,0.0238,128.2,182.4,204.9,3,1.106,1.423
run_20260810_204615_node,node_failure,4,measured,164.0,42,0.0,129.3,187.5,196.8,3,1.116,1.45
run_20260810_204615_node,node_failure,4,measured,165.0,42,0.0,125.4,219.6,228.8,3,1.082,1.751
run_20260810_204615_node,node_failure,4,measured,166.0,42,0.0,121.3,177.9,207.2,3,1.047,1.467
run_20260810_204615_node,node_failure,4,measured,167.0,42,0.0,177.1,348.4,383.4,3,1.528,1.967
run_20260810_204615_node,node_failure,4,measured,168.0,42,0.0238,119.6,311.7,376.8,3,1.032,2.606
run_20260810_204615_node,node_failure,4,measured,169.0,42,0.0238,119.0,173.1,190.3,3,1.027,1.455
run_20260810_204615_node,node_failure,4,measured,170.0,42,0.0,122.1,319.1,332.6,3,1.053,2.613
run_20260810_204615_node,node_failure,4,measured,171.0,42,0.0,160.1,235.5,264.0,3,1.381,1.471
run_20260810_204615_node,node_failure,4,measured,172.0,42,0.0238,743.6,988.0,1054.7,3,6.416,1.329
run_20260810_204615_node,node_failure,4,measured,173.0,42,0.0238,514.6,771.4,786.4,3,4.44,1.499
run_20260810_204615_node,node_failure,4,measured,174.0,42,0.0476,249.4,459.0,497.1,3,2.152,1.84
run_20260810_204615_node,node_failure,4,measured,175.0,42,0.0,133.6,217.0,312.1,3,1.153,1.624
run_20260810_204615_node,node_failure,4,measured,176.0,42,0.0238,122.9,705.9,726.1,3,1.06,5.744
run_20260810_204615_node,node_failure,4,measured,177.0,42,0.0476,600.1,800.4,962.0,3,5.178,1.334
run_20260810_204615_node,node_failure,4,measured,178.0,42,0.0476,350.6,521.3,633.2,3,3.025,1.487
run_20260810_204615_node,node_failure,4,measured,179.0,42,0.0,161.8,359.0,422.4,3,1.396,2.219
run_20260810_204615_node,node_failure,4,measured,180.0,42,0.0,138.2,220.5,236.4,3,1.192,1.596
run_20260810_204615_node,node_failure,4,measured,181.0,42,0.0,127.3,304.7,352.6,3,1.098,2.394
run_20260810_204615_node,node_failure,4,measured,182.0,42,0.0238,119.7,242.4,283.2,3,1.033,2.025
run_20260810_204615_node,node_failure,4,measured,183.0,42,0.0,126.8,244.4,278.6,3,1.094,1.927
run_20260810_204615_node,node_failure,4,measured,184.0,42,0.0952,136.1,214.2,258.6,3,1.174,1.574
run_20260810_204615_node,node_failure,4,measured,185.0,42,0.0238,209.6,349.8,441.3,3,1.808,1.669
run_20260810_204615_node,node_failure,4,measured,186.0,42,0.0952,167.0,264.2,287.7,3,1.441,1.582
run_20260810_204615_node,node_failure,4,measured,187.0,42,0.0,124.6,192.8,196.2,3,1.075,1.547
run_20260810_204615_node,node_failure,4,measured,188.0,42,0.0,139.9,237.3,259.3,3,1.207,1.696
run_20260810_204615_node,node_failure,4,measured,189.0,42,0.0,117.5,172.4,207.0,3,1.014,1.467
run_20260810_204615_node,node_failure,4,measured,190.0,42,0.0,150.9,195.5,235.2,3,1.302,1.296
run_20260810_204615_node,node_failure,4,measured,191.0,42,0.0,145.4,211.7,249.0,3,1.255,1.456
run_20260810_204615_node,node_failure,4,measured,192.0,42,0.0,128.0,177.3,182.3,3,1.104,1.385
run_20260810_204615_node,node_failure,4,measured,193.0,42,0.0,157.3,334.6,416.8,3,1.357,2.127
run_20260810_204615_node,node_failure,4,measured,194.0,42,0.0,180.9,449.5,646.4,3,1.561,2.485
run_20260810_204615_node,node_failure,4,measured,195.0,42,0.0,119.6,263.2,348.6,3,1.032,2.201
run_20260810_204615_node,node_failure,4,measured,196.0,42,0.0238,113.3,168.9,187.2,3,0.978,1.491
run_20260810_204615_node,node_failure,4,measured,197.0,42,0.0238,124.4,224.5,268.5,3,1.073,1.805
run_20260810_204615_node,node_failure,4,measured,198.0,42,0.0,124.7,690.6,737.4,3,1.076,5.538
run_20260810_204615_node,node_failure,4,measured,199.0,42,0.0238,128.1,546.5,589.8,3,1.105,4.266
run_20260810_204615_node,node_failure,4,measured,200.0,42,0.0,120.9,198.8,232.7,3,1.043,1.644
run_20260810_204615_node,node_failure,4,measured,201.0,42,0.0,123.4,198.8,243.2,3,1.065,1.611
run_20260810_204615_node,node_failure,4,measured,202.0,42,0.0,181.7,349.9,385.0,3,1.568,1.926
run_20260810_204615_node,node_failure,4,measured,203.0,42,0.0,127.7,246.8,265.0,3,1.102,1.933
run_20260810_204615_node,node_failure,4,measured,204.0,42,0.0,142.2,211.3,218.5,3,1.227,1.486
run_20260810_204615_node,node_failure,4,measured,205.0,42,0.0238,111.0,191.9,209.7,3,0.958,1.729
run_20260810_204615_node,node_failure,4,measured,206.0,42,0.0,114.9,165.7,170.5,3,0.991,1.442
run_20260810_204615_node,node_failure,4,measured,207.0,42,0.0,147.5,315.5,342.3,3,1.273,2.139
run_20260810_204615_node,node_failure,4,measured,208.0,42,0.0238,128.9,228.2,324.1,3,1.112,1.77
run_20260810_204615_node,node_failure,4,measured,209.0,42,0.0,111.5,642.3,944.7,3,0.962,5.761
run_20260810_204615_node,node_failure,4,measured,210.0,42,0.0,123.0,385.5,467.6,3,1.061,3.134
run_20260810_204615_node,node_failure,4,measured,211.0,42,0.0476,137.8,237.6,269.8,3,1.189,1.724
run_20260810_204615_node,node_failure,4,measured,212.0,42,0.0,131.3,226.8,259.4,3,1.133,1.727
run_20260810_204615_node,node_failure,4,measured,213.0,42,0.0238,124.7,260.1,310.2,3,1.076,2.086
run_20260810_204615_node,node_failure,4,measured,214.0,42,0.0,114.2,243.7,259.9,3,0.985,2.134
run_20260810_204615_node,node_failure,4,measured,215.0,42,0.0,111.8,211.6,244.1,3,0.965,1.893
run_20260810_204615_node,node_failure,4,measured,216.0,42,0.0,112.0,165.9,180.7,3,0.966,1.481
run_20260810_204615_node,node_failure,4,measured,217.0,42,0.0,398.2,751.9,1044.7,3,3.436,1.888
run_20260810_204615_node,node_failure,4,measured,218.0,42,0.0,238.9,612.3,619.7,3,2.061,2.563
run_20260810_204615_node,node_failure,4,measured,219.0,42,0.0,146.1,254.4,290.2,3,1.261,1.741
run_20260810_204615_node,node_failure,4,measured,220.0,42,0.0,113.9,168.9,180.0,3,0.983,1.483
run_20260810_204615_node,node_failure,4,measured,221.0,42,0.0,112.0,219.8,273.7,3,0.966,1.963
run_20260810_204615_node,node_failure,4,measured,222.0,42,0.0,145.3,244.6,277.4,3,1.254,1.683
run_20260810_204615_node,node_failure,4,measured,223.0,42,0.0,111.9,283.7,290.6,3,0.965,2.535
run_20260810_204615_node,node_failure,4,measured,224.0,42,0.0,115.6,245.0,275.7,3,0.997,2.119
run_20260810_204615_node,node_failure,4,measured,225.0,42,0.0,111.8,180.0,235.4,3,0.965,1.61
run_20260810_204615_node,node_failure,4,measured,226.0,42,0.0,122.4,189.1,200.6,3,1.056,1.545
run_20260810_204615_node,node_failure,4,measured,227.0,42,0.0,109.8,154.2,177.1,3,0.947,1.404
run_20260810_204615_node,node_failure,4,measured,228.0,42,0.0,110.8,167.9,176.8,3,0.956,1.515
run_20260810_204615_node,node_failure,4,measured,229.0,42,0.0,115.2,180.5,203.9,3,0.994,1.567
run_20260810_204615_node,node_failure,4,measured,230.0,42,0.0,137.1,226.9,239.1,3,1.183,1.655
run_20260810_204615_node,node_failure,4,measured,231.0,42,0.0,110.3,166.6,179.0,3,0.952,1.51
run_20260810_204615_node,node_failure,4,measured,232.0,42,0.0,110.8,165.3,173.6,3,0.956,1.492
run_20260810_204615_node,node_failure,4,measured,233.0,42,0.0,109.4,164.5,178.7,3,0.944,1.504
run_20260810_204615_node,node_failure,4,measured,234.0,42,0.0,117.8,205.3,239.4,3,1.016,1.743
run_20260810_204615_node,node_failure,4,measured,235.0,42,0.0,117.8,215.0,270.1,3,1.016,1.825
run_20260810_204615_node,node_failure,4,measured,236.0,42,0.0,112.6,160.9,170.0,3,0.972,1.429
run_20260810_204615_node,node_failure,4,measured,237.0,42,0.0,115.1,216.2,227.9,3,0.993,1.878
run_20260810_204615_node,node_failure,4,measured,238.0,34,0.0882,158.5,242.5,267.0,3,1.368,1.53
run_selfheal_podtest,pod_failure,4,measured,-31.0,7,0.0,177.3,318.9,318.9,3,1.39,1.799
run_selfheal_podtest,pod_failure,4,measured,-30.0,42,0.0238,139.5,218.9,233.8,3,1.094,1.569
run_selfheal_podtest,pod_failure,4,measured,-29.0,42,0.0,172.2,397.0,446.0,3,1.35,2.305
run_selfheal_podtest,pod_failure,4,measured,-28.0,42,0.0,120.8,179.6,206.0,3,0.947,1.487
run_selfheal_podtest,pod_failure,4,measured,-27.0,42,0.0,146.5,350.7,568.9,3,1.149,2.394
run_selfheal_podtest,pod_failure,4,measured,-26.0,42,0.0,226.5,979.3,1634.0,3,1.776,4.324
run_selfheal_podtest,pod_failure,4,measured,-25.0,42,0.0,205.4,949.1,984.0,3,1.61,4.621
run_selfheal_podtest,pod_failure,4,measured,-24.0,42,0.0,133.5,393.6,622.2,3,1.047,2.948
run_selfheal_podtest,pod_failure,4,measured,-23.0,42,0.0,141.9,239.9,304.3,3,1.113,1.691
run_selfheal_podtest,pod_failure,4,measured,-22.0,42,0.0238,181.3,428.7,508.2,3,1.421,2.365
run_selfheal_podtest,pod_failure,4,measured,-21.0,42,0.0,159.3,361.3,380.8,3,1.249,2.268
run_selfheal_podtest,pod_failure,4,measured,-20.0,42,0.0714,152.8,311.8,387.3,3,1.198,2.041
run_selfheal_podtest,pod_failure,4,measured,-19.0,42,0.0,109.9,194.8,195.7,3,0.862,1.773
run_selfheal_podtest,pod_failure,4,measured,-18.0,42,0.0,110.9,197.7,227.5,3,0.869,1.783
run_selfheal_podtest,pod_failure,4,measured,-17.0,42,0.0,120.8,227.4,231.2,3,0.947,1.882
run_selfheal_podtest,pod_failure,4,measured,-16.0,42,0.0,114.3,215.9,231.0,3,0.896,1.889
run_selfheal_podtest,pod_failure,4,measured,-15.0,42,0.0,108.0,185.3,189.1,3,0.847,1.716
run_selfheal_podtest,pod_failure,4,measured,-14.0,42,0.0,107.2,146.7,161.0,3,0.84,1.368
run_selfheal_podtest,pod_failure,4,measured,-13.0,42,0.0,106.9,186.9,229.7,3,0.838,1.748
run_selfheal_podtest,pod_failure,4,measured,-12.0,42,0.0,114.8,202.7,208.1,3,0.9,1.766
run_selfheal_podtest,pod_failure,4,measured,-11.0,42,0.0,119.2,240.4,266.4,3,0.935,2.017
run_selfheal_podtest,pod_failure,4,measured,-10.0,42,0.0,160.2,279.6,336.0,3,1.256,1.745
run_selfheal_podtest,pod_failure,4,measured,-9.0,42,0.0,117.4,256.9,290.4,3,0.92,2.188
run_selfheal_podtest,pod_failure,4,measured,-8.0,42,0.0,153.7,235.9,273.5,3,1.205,1.535
run_selfheal_podtest,pod_failure,4,measured,-7.0,42,0.0,121.6,207.0,214.5,3,0.953,1.702
run_selfheal_podtest,pod_failure,4,measured,-6.0,42,0.0,111.5,162.9,172.5,3,0.874,1.461
run_selfheal_podtest,pod_failure,4,measured,-5.0,42,0.0,111.8,184.3,199.8,3,0.877,1.648
run_selfheal_podtest,pod_failure,4,measured,-4.0,42,0.0,108.7,200.8,221.2,3,0.852,1.847
run_selfheal_podtest,pod_failure,4,measured,-3.0,42,0.0,190.3,383.0,406.0,3,1.492,2.013
run_selfheal_podtest,pod_failure,4,measured,-2.0,42,0.0,160.1,320.4,335.1,3,1.255,2.001
run_selfheal_podtest,pod_failure,4,measured,-1.0,42,0.0,117.0,266.0,272.2,3,0.917,2.274
run_selfheal_podtest,pod_failure,4,measured,-0.0,42,0.0,164.5,244.1,260.1,3,1.29,1.484
run_selfheal_podtest,pod_failure,4,measured,1.0,42,0.0,232.9,382.0,459.9,2,1.826,1.64
run_selfheal_podtest,pod_failure,4,measured,2.0,42,0.0238,296.7,547.3,571.3,2,2.326,1.845
run_selfheal_podtest,pod_failure,4,measured,3.0,42,0.0,366.5,535.0,536.3,2,2.873,1.46
run_selfheal_podtest,pod_failure,4,measured,4.0,42,0.0,445.5,701.3,760.7,2,3.493,1.574
run_selfheal_podtest,pod_failure,4,measured,5.0,42,0.0,404.2,727.4,770.2,2,3.169,1.8
run_selfheal_podtest,pod_failure,4,measured,6.0,42,0.0,579.3,679.9,688.9,2,4.542,1.174
run_selfheal_podtest,pod_failure,4,measured,7.0,42,0.0,654.9,772.9,801.2,2,5.134,1.18
run_selfheal_podtest,pod_failure,4,measured,8.0,42,0.0,722.8,848.5,1254.9,2,5.667,1.174
run_selfheal_podtest,pod_failure,4,measured,9.0,42,0.0,797.8,873.9,905.2,2,6.255,1.095
run_selfheal_podtest,pod_failure,4,measured,10.0,42,0.0,860.9,988.0,1675.6,2,6.75,1.148
run_selfheal_podtest,pod_failure,4,measured,11.0,42,0.0,917.1,1165.7,2070.7,2,7.19,1.271
run_selfheal_podtest,pod_failure,4,measured,12.0,42,0.0,983.8,1107.8,1165.6,2,7.713,1.126
run_selfheal_podtest,pod_failure,4,measured,13.0,42,0.0,1094.5,1257.7,1281.3,2,8.581,1.149
run_selfheal_podtest,pod_failure,4,measured,14.0,42,0.0,1058.3,1373.4,1405.7,2,8.297,1.298
run_selfheal_podtest,pod_failure,4,measured,15.0,42,0.0,1221.4,1284.2,1300.8,2,9.576,1.051
run_selfheal_podtest,pod_failure,4,measured,16.0,42,0.0,1287.7,1446.4,1479.0,2,10.096,1.123
run_selfheal_podtest,pod_failure,4,measured,17.0,42,0.0238,1321.6,1579.0,2619.5,2,10.361,1.195
run_selfheal_podtest,pod_failure,4,measured,18.0,42,0.0,1404.3,1720.4,3089.6,2,11.01,1.225
run_selfheal_podtest,pod_failure,4,measured,19.0,42,0.0,1503.5,1581.9,1603.4,2,11.788,1.052
run_selfheal_podtest,pod_failure,4,measured,20.0,42,0.0,1458.1,1647.8,1708.5,3,11.432,1.13
run_selfheal_podtest,pod_failure,4,measured,21.0,42,0.0238,1091.7,1243.8,1315.1,3,8.559,1.139
run_selfheal_podtest,pod_failure,4,measured,22.0,42,0.0,538.9,1420.8,1475.8,3,4.225,2.636
run_selfheal_podtest,pod_failure,4,measured,23.0,42,0.0,838.3,1314.8,1366.4,3,6.572,1.568
run_selfheal_podtest,pod_failure,4,measured,24.0,42,0.0238,683.7,986.1,992.7,3,5.36,1.442
run_selfheal_podtest,pod_failure,4,measured,25.0,42,0.0,368.5,740.3,933.6,3,2.889,2.009
run_selfheal_podtest,pod_failure,4,measured,26.0,42,0.0238,190.8,332.9,447.1,3,1.496,1.745
run_selfheal_podtest,pod_failure,4,measured,27.0,42,0.0,119.7,176.7,212.4,3,0.938,1.476
run_selfheal_podtest,pod_failure,4,measured,28.0,42,0.0,108.0,147.9,163.1,3,0.847,1.369
run_selfheal_podtest,pod_failure,4,measured,29.0,42,0.0,108.9,176.2,186.5,3,0.854,1.618
run_selfheal_podtest,pod_failure,4,measured,30.0,42,0.0,111.8,168.4,172.9,3,0.877,1.506
run_selfheal_podtest,pod_failure,4,measured,31.0,42,0.0,118.1,198.2,221.5,3,0.926,1.678
run_selfheal_podtest,pod_failure,4,measured,32.0,42,0.0,137.7,296.3,335.6,3,1.08,2.152
run_selfheal_podtest,pod_failure,4,measured,33.0,42,0.0,116.7,167.8,179.1,3,0.915,1.438
run_selfheal_podtest,pod_failure,4,measured,34.0,42,0.0,119.6,199.9,225.7,3,0.938,1.671
run_selfheal_podtest,pod_failure,4,measured,35.0,42,0.0,135.8,229.1,249.0,3,1.065,1.687
run_selfheal_podtest,pod_failure,4,measured,36.0,42,0.0238,110.7,158.6,169.0,3,0.868,1.433
run_selfheal_podtest,pod_failure,4,measured,37.0,42,0.0,137.3,259.4,275.6,3,1.076,1.889
run_selfheal_podtest,pod_failure,4,measured,38.0,42,0.0,119.7,237.1,251.7,3,0.938,1.981
run_selfheal_podtest,pod_failure,4,measured,39.0,42,0.0,139.8,250.5,284.5,3,1.096,1.792
run_selfheal_podtest,pod_failure,4,measured,40.0,42,0.0,111.8,190.1,202.5,3,0.877,1.7
run_selfheal_podtest,pod_failure,4,measured,41.0,42,0.0,116.4,232.9,247.0,3,0.913,2.001
run_selfheal_podtest,pod_failure,4,measured,42.0,42,0.0,113.8,201.2,252.1,3,0.892,1.768
run_selfheal_podtest,pod_failure,4,measured,43.0,42,0.0,114.8,195.8,211.8,3,0.9,1.706
run_selfheal_podtest,pod_failure,4,measured,44.0,42,0.0,140.6,224.2,252.4,3,1.102,1.595
run_selfheal_podtest,pod_failure,4,measured,45.0,42,0.0,116.2,214.3,235.8,3,0.911,1.844
run_selfheal_podtest,pod_failure,4,measured,46.0,42,0.0,117.9,198.7,259.2,3,0.924,1.685
run_selfheal_podtest,pod_failure,4,measured,47.0,42,0.0,113.9,225.4,275.7,3,0.893,1.979
run_selfheal_podtest,pod_failure,4,measured,48.0,42,0.0,118.4,212.0,221.4,3,0.928,1.791
run_selfheal_podtest,pod_failure,4,measured,49.0,42,0.0,113.0,162.2,176.8,3,0.886,1.435
run_selfheal_podtest,pod_failure,4,measured,50.0,42,0.0,109.2,160.1,204.5,3,0.856,1.466
run_selfheal_podtest,pod_failure,4,measured,51.0,42,0.0,115.2,216.9,233.4,3,0.903,1.883
run_selfheal_podtest,pod_failure,4,measured,52.0,42,0.0,114.7,218.5,256.6,3,0.899,1.905
run_selfheal_podtest,pod_failure,4,measured,53.0,42,0.0,113.3,170.1,180.2,3,0.888,1.501
run_selfheal_podtest,pod_failure,4,measured,54.0,42,0.0,112.1,178.6,191.2,3,0.879,1.593
run_selfheal_podtest,pod_failure,4,measured,55.0,42,0.0,112.6,178.1,222.9,3,0.883,1.582
run_selfheal_podtest,pod_failure,4,measured,56.0,42,0.0,133.9,278.6,330.2,3,1.05,2.081
run_selfheal_podtest,pod_failure,4,measured,57.0,42,0.0,116.4,224.3,247.4,3,0.913,1.927
run_selfheal_podtest,pod_failure,4,measured,58.0,42,0.0,110.2,168.9,187.0,3,0.864,1.533
run_selfheal_podtest,pod_failure,4,measured,59.0,42,0.0,114.1,175.6,185.3,3,0.895,1.539
run_selfheal_podtest,pod_failure,4,measured,60.0,42,0.0,110.9,165.2,172.0,3,0.869,1.49
run_selfheal_podtest,pod_failure,4,measured,61.0,42,0.0238,167.3,350.1,403.2,3,1.312,2.093
run_selfheal_podtest,pod_failure,4,measured,62.0,42,0.0,158.5,316.2,319.7,3,1.243,1.995
run_selfheal_podtest,pod_failure,4,measured,63.0,42,0.0,116.3,202.0,240.3,3,0.912,1.737
run_selfheal_podtest,pod_failure,4,measured,64.0,42,0.0,141.4,238.2,261.7,3,1.109,1.685
run_selfheal_podtest,pod_failure,4,measured,65.0,42,0.0,115.1,196.4,214.0,3,0.902,1.706
run_selfheal_podtest,pod_failure,4,measured,66.0,42,0.0,113.2,181.8,242.4,3,0.887,1.606
run_selfheal_podtest,pod_failure,4,measured,67.0,42,0.0,113.9,176.0,201.2,3,0.893,1.545
run_selfheal_podtest,pod_failure,4,measured,68.0,42,0.0238,122.9,272.7,290.6,3,0.964,2.219
run_selfheal_podtest,pod_failure,4,measured,69.0,42,0.0,124.5,208.0,295.6,3,0.976,1.671
run_selfheal_podtest,pod_failure,4,measured,70.0,42,0.0,120.7,234.0,262.4,3,0.946,1.939
run_selfheal_podtest,pod_failure,4,measured,71.0,42,0.0,139.1,297.9,350.4,3,1.091,2.142
run_selfheal_podtest,pod_failure,4,measured,72.0,42,0.0,113.5,220.4,318.3,3,0.89,1.942
run_selfheal_podtest,pod_failure,4,measured,73.0,42,0.0,108.8,191.2,200.7,3,0.853,1.757
run_selfheal_podtest,pod_failure,4,measured,74.0,42,0.0,128.2,190.5,197.2,3,1.005,1.486
run_selfheal_podtest,pod_failure,4,measured,75.0,42,0.0,113.9,201.2,224.9,3,0.893,1.766
run_selfheal_podtest,pod_failure,4,measured,76.0,42,0.0,137.5,222.9,250.0,3,1.078,1.621
run_selfheal_podtest,pod_failure,4,measured,77.0,42,0.0,116.5,194.1,232.2,3,0.913,1.666
run_selfheal_podtest,pod_failure,4,measured,78.0,42,0.0,140.0,231.4,261.5,3,1.098,1.653
run_selfheal_podtest,pod_failure,4,measured,79.0,42,0.0,111.0,163.5,223.6,3,0.87,1.473
run_selfheal_podtest,pod_failure,4,measured,80.0,42,0.0,125.1,192.4,217.5,3,0.981,1.538
run_selfheal_podtest,pod_failure,4,measured,81.0,42,0.0,161.2,304.0,340.9,3,1.264,1.886
run_selfheal_podtest,pod_failure,4,measured,82.0,42,0.0,126.8,278.2,343.2,3,0.994,2.194
run_selfheal_podtest,pod_failure,4,measured,83.0,42,0.0,117.3,266.5,301.8,3,0.92,2.272
run_selfheal_podtest,pod_failure,4,measured,84.0,42,0.0,111.2,164.4,170.1,3,0.872,1.478
run_selfheal_podtest,pod_failure,4,measured,85.0,42,0.0,113.4,173.4,178.0,3,0.889,1.529
run_selfheal_podtest,pod_failure,4,measured,86.0,42,0.0,111.7,196.8,204.7,3,0.876,1.762
run_selfheal_podtest,pod_failure,4,measured,87.0,42,0.0,110.1,191.3,221.5,3,0.863,1.738
run_selfheal_podtest,pod_failure,4,measured,88.0,42,0.0,140.0,238.9,248.1,3,1.098,1.706
run_selfheal_podtest,pod_failure,4,measured,89.0,42,0.0,132.5,256.9,308.2,3,1.039,1.939
run_selfheal_podtest,pod_failure,4,measured,90.0,42,0.0,112.5,182.1,212.8,3,0.882,1.619
run_selfheal_podtest,pod_failure,4,measured,91.0,42,0.0,117.2,195.5,221.9,3,0.919,1.668
run_selfheal_podtest,pod_failure,4,measured,92.0,42,0.0,115.2,226.2,249.8,3,0.903,1.964
run_selfheal_podtest,pod_failure,4,measured,93.0,42,0.0,155.8,352.4,371.3,3,1.221,2.262
run_selfheal_podtest,pod_failure,4,measured,94.0,42,0.0,138.3,200.7,232.5,3,1.084,1.451
run_selfheal_podtest,pod_failure,4,measured,95.0,42,0.0,118.4,194.6,234.3,3,0.928,1.644
run_selfheal_podtest,pod_failure,4,measured,96.0,42,0.0,110.2,165.8,172.9,3,0.864,1.505
run_selfheal_podtest,pod_failure,4,measured,97.0,42,0.0,111.4,251.5,312.0,3,0.873,2.258
run_selfheal_podtest,pod_failure,4,measured,98.0,42,0.0,116.1,220.1,268.4,3,0.91,1.896
run_selfheal_podtest,pod_failure,4,measured,99.0,42,0.0238,113.1,166.1,184.6,3,0.887,1.469
run_selfheal_podtest,pod_failure,4,measured,100.0,42,0.0,112.4,196.0,215.9,3,0.881,1.744
run_selfheal_podtest,pod_failure,4,measured,101.0,42,0.0,115.6,175.8,190.0,3,0.906,1.521
run_selfheal_podtest,pod_failure,4,measured,102.0,42,0.0,110.9,190.6,220.4,3,0.869,1.719
run_selfheal_podtest,pod_failure,4,measured,103.0,42,0.0,115.1,202.0,224.8,3,0.902,1.755
run_selfheal_podtest,pod_failure,4,measured,104.0,42,0.0,121.6,204.6,214.0,3,0.953,1.683
run_selfheal_podtest,pod_failure,4,measured,105.0,42,0.0,115.7,351.4,381.9,3,0.907,3.037
run_selfheal_podtest,pod_failure,4,measured,106.0,42,0.0,128.5,231.1,240.7,3,1.007,1.798
run_selfheal_podtest,pod_failure,4,measured,107.0,42,0.0,114.1,165.2,202.0,3,0.895,1.448
run_selfheal_podtest,pod_failure,4,measured,108.0,42,0.0,114.0,232.0,244.5,3,0.894,2.035
run_selfheal_podtest,pod_failure,4,measured,109.0,35,0.0,114.5,172.4,185.3,3,0.898,1.506
run_selfheal_podtest2,pod_failure,4,measured,-20.7,20,0.0,116.8,174.4,185.9,3,0.999,1.493
run_selfheal_podtest2,pod_failure,4,measured,-19.7,42,0.0238,162.9,267.2,383.0,3,1.393,1.64
run_selfheal_podtest2,pod_failure,4,measured,-18.7,42,0.0,112.4,216.3,277.7,3,0.962,1.924
run_selfheal_podtest2,pod_failure,4,measured,-17.7,42,0.0,112.4,185.1,195.9,3,0.962,1.647
run_selfheal_podtest2,pod_failure,4,measured,-16.7,42,0.0,236.3,526.6,564.9,3,2.021,2.229
run_selfheal_podtest2,pod_failure,4,measured,-15.7,42,0.0476,223.7,400.1,455.8,3,1.914,1.789
run_selfheal_podtest2,pod_failure,4,measured,-14.7,42,0.0,131.9,220.0,273.5,3,1.128,1.668
run_selfheal_podtest2,pod_failure,4,measured,-13.7,42,0.0,143.7,227.6,256.1,3,1.229,1.584
run_selfheal_podtest2,pod_failure,4,measured,-12.7,42,0.0,119.9,219.9,247.1,3,1.026,1.834
run_selfheal_podtest2,pod_failure,4,measured,-11.7,42,0.0,124.4,201.8,277.8,3,1.064,1.622
run_selfheal_podtest2,pod_failure,4,measured,-10.7,42,0.0,107.9,149.9,172.4,3,0.923,1.389
run_selfheal_podtest2,pod_failure,4,measured,-9.7,42,0.0,111.7,161.5,166.6,3,0.956,1.446
run_selfheal_podtest2,pod_failure,4,measured,-8.7,42,0.0,111.2,221.2,259.2,3,0.951,1.989
run_selfheal_podtest2,pod_failure,4,measured,-7.7,42,0.0,112.2,168.4,178.4,3,0.96,1.501
run_selfheal_podtest2,pod_failure,4,measured,-6.7,42,0.0,117.7,194.3,210.9,3,1.007,1.651
run_selfheal_podtest2,pod_failure,4,measured,-5.7,42,0.0,123.5,205.7,210.9,3,1.056,1.666
run_selfheal_podtest2,pod_failure,4,measured,-4.7,42,0.0,114.1,192.9,217.9,3,0.976,1.691
run_selfheal_podtest2,pod_failure,4,measured,-3.7,42,0.0,113.9,216.3,218.5,3,0.974,1.899
run_selfheal_podtest2,pod_failure,4,measured,-2.7,42,0.0,112.8,229.0,260.8,3,0.965,2.03
run_selfheal_podtest2,pod_failure,4,measured,-1.7,42,0.0238,121.1,218.5,243.3,3,1.036,1.804
run_selfheal_podtest2,pod_failure,4,measured,-0.7,42,0.0,116.9,180.4,227.3,3,1.0,1.543
run_selfheal_podtest2,pod_failure,4,measured,0.3,42,0.0,169.0,439.0,460.3,2,1.446,2.598
run_selfheal_podtest2,pod_failure,4,measured,1.3,42,0.0,279.1,492.2,501.6,2,2.388,1.764
run_selfheal_podtest2,pod_failure,4,measured,2.3,42,0.0,544.4,801.8,1413.6,2,4.657,1.473
run_selfheal_podtest2,pod_failure,4,measured,3.3,42,0.0,377.9,880.6,1419.6,2,3.233,2.33
run_selfheal_podtest2,pod_failure,4,measured,4.3,42,0.0,558.7,856.2,1214.5,2,4.779,1.532
run_selfheal_podtest2,pod_failure,4,measured,5.3,42,0.0,668.1,822.5,824.6,2,5.715,1.231
run_selfheal_podtest2,pod_failure,4,measured,6.3,42,0.0,919.4,1128.6,1171.9,2,7.865,1.228
run_selfheal_podtest2,pod_failure,4,measured,7.3,42,0.0,562.9,1223.4,1258.4,2,4.815,2.173
run_selfheal_podtest2,pod_failure,4,measured,8.3,42,0.0,780.9,1185.9,1206.3,2,6.68,1.519
run_selfheal_podtest2,pod_failure,4,measured,9.3,42,0.0,956.1,1032.2,1041.6,2,8.179,1.08
run_selfheal_podtest2,pod_failure,4,measured,10.3,42,0.0,1167.2,1480.2,2633.9,2,9.985,1.268
run_selfheal_podtest2,pod_failure,4,measured,11.3,42,0.0,753.1,1560.8,1593.8,2,6.442,2.073
run_selfheal_podtest2,pod_failure,4,measured,12.3,42,0.0,969.9,1478.2,1499.0,2,8.297,1.524
run_selfheal_podtest2,pod_failure,4,measured,13.3,42,0.0,1196.6,1452.0,1461.2,2,10.236,1.213
run_selfheal_podtest2,pod_failure,4,measured,14.3,42,0.0,1490.8,1740.2,1767.3,2,12.753,1.167
run_selfheal_podtest2,pod_failure,4,measured,15.3,42,0.0238,1094.4,1803.8,1843.6,2,9.362,1.648
run_selfheal_podtest2,pod_failure,4,measured,16.3,42,0.0238,1221.6,1699.6,3446.6,2,10.45,1.391
run_selfheal_podtest2,pod_failure,4,measured,17.3,42,0.0,1607.3,1842.8,2633.4,2,13.749,1.147
run_selfheal_podtest2,pod_failure,4,measured,18.3,42,0.0,1375.8,1832.9,1850.0,3,11.769,1.332
run_selfheal_podtest2,pod_failure,4,measured,19.3,42,0.0238,1300.9,1729.9,1795.9,3,11.128,1.33
run_selfheal_podtest2,pod_failure,4,measured,20.3,42,0.0,862.2,1482.8,2347.8,3,7.376,1.72
run_selfheal_podtest2,pod_failure,4,measured,21.3,42,0.0,377.0,1309.0,1348.3,3,3.225,3.472
run_selfheal_podtest2,pod_failure,4,measured,22.3,42,0.0,153.0,1104.9,1219.9,3,1.309,7.222
run_selfheal_podtest2,pod_failure,4,measured,23.3,42,0.0,163.9,745.2,852.9,3,1.402,4.547
run_selfheal_podtest2,pod_failure,4,measured,24.3,42,0.0,180.3,631.9,659.0,3,1.542,3.505
run_selfheal_podtest2,pod_failure,4,measured,25.3,42,0.0,195.5,355.1,373.4,3,1.672,1.816
run_selfheal_podtest2,pod_failure,4,measured,26.3,42,0.0238,142.4,346.2,399.9,3,1.218,2.431
run_selfheal_podtest2,pod_failure,4,measured,27.3,42,0.0,112.5,159.6,202.8,3,0.962,1.419
run_selfheal_podtest2,pod_failure,4,measured,28.3,42,0.0,378.6,638.5,673.9,3,3.239,1.686
run_selfheal_podtest2,pod_failure,4,measured,29.3,42,0.0,272.6,378.5,479.6,3,2.332,1.388
run_selfheal_podtest2,pod_failure,4,measured,30.3,42,0.0,135.0,239.6,262.7,3,1.155,1.775
run_selfheal_podtest2,pod_failure,4,measured,31.3,42,0.0,123.5,296.7,337.1,3,1.056,2.402
run_selfheal_podtest2,pod_failure,4,measured,32.3,42,0.0,126.2,247.7,275.9,3,1.08,1.963
run_selfheal_podtest2,pod_failure,4,measured,33.3,42,0.0,112.2,170.4,197.1,3,0.96,1.519
run_selfheal_podtest2,pod_failure,4,measured,34.3,42,0.0,116.7,207.9,236.1,3,0.998,1.781
run_selfheal_podtest2,pod_failure,4,measured,35.3,42,0.0238,141.0,211.7,228.3,3,1.206,1.501
run_selfheal_podtest2,pod_failure,4,measured,36.3,42,0.0,113.8,195.7,253.1,3,0.973,1.72
run_selfheal_podtest2,pod_failure,4,measured,37.3,42,0.0,136.4,220.0,229.1,3,1.167,1.613
run_selfheal_podtest2,pod_failure,4,measured,38.3,42,0.0,110.5,174.1,203.9,3,0.945,1.576
run_selfheal_podtest2,pod_failure,4,measured,39.3,42,0.0,165.0,303.4,351.6,3,1.411,1.839
run_selfheal_podtest2,pod_failure,4,measured,40.3,42,0.0,136.0,223.0,245.7,3,1.163,1.64
run_selfheal_podtest2,pod_failure,4,measured,41.3,42,0.0,110.7,161.6,171.2,3,0.947,1.46
run_selfheal_podtest2,pod_failure,4,measured,42.3,42,0.0,111.9,218.7,255.5,3,0.957,1.954
run_selfheal_podtest2,pod_failure,4,measured,43.3,42,0.0,116.8,226.6,247.0,3,0.999,1.94
run_selfheal_podtest2,pod_failure,4,measured,44.3,42,0.0,115.5,198.7,252.3,3,0.988,1.72
run_selfheal_podtest2,pod_failure,4,measured,45.3,42,0.0,123.9,173.3,197.1,3,1.06,1.399
run_selfheal_podtest2,pod_failure,4,measured,46.3,42,0.0,112.8,185.7,195.5,3,0.965,1.646
run_selfheal_podtest2,pod_failure,4,measured,47.3,42,0.0,114.8,170.6,224.1,3,0.982,1.486
run_selfheal_podtest2,pod_failure,4,measured,48.3,42,0.0238,116.8,210.3,253.7,3,0.999,1.801
run_selfheal_podtest2,pod_failure,4,measured,49.3,42,0.0,117.0,266.0,297.2,3,1.001,2.274
run_selfheal_podtest2,pod_failure,4,measured,50.3,42,0.0,122.5,318.9,356.4,3,1.048,2.603
run_selfheal_podtest2,pod_failure,4,measured,51.3,42,0.0,119.6,189.4,208.6,3,1.023,1.584
run_selfheal_podtest2,pod_failure,4,measured,52.3,42,0.0,113.6,173.5,197.3,3,0.972,1.527
run_selfheal_podtest2,pod_failure,4,measured,53.3,42,0.0,113.2,292.9,336.8,3,0.968,2.587
run_selfheal_podtest2,pod_failure,4,measured,54.3,42,0.0,117.2,171.5,231.6,3,1.003,1.463
run_selfheal_podtest2,pod_failure,4,measured,55.3,42,0.0,112.6,194.3,197.2,3,0.963,1.726
run_selfheal_podtest2,pod_failure,4,measured,56.3,42,0.0,120.7,189.4,204.9,3,1.033,1.569
run_selfheal_podtest2,pod_failure,4,measured,57.3,42,0.0238,123.9,212.5,229.5,3,1.06,1.715
run_selfheal_podtest2,pod_failure,4,measured,58.3,42,0.0238,116.5,249.1,293.7,3,0.997,2.138
run_selfheal_podtest2,pod_failure,4,measured,59.3,22,0.0,119.0,212.8,215.2,3,1.018,1.788
